theme_id,theme_short_name,theme_full_name
CGXS1.XCUQ,供销社,供销社概念
CBL1.XCUQ,玻璃,玻璃概念
CDAH1.XCUQ,冬奥会,冬奥会概念
CHF1.XCUQ,化肥,化肥概念
CSM1.XCUQ,赛马,赛马概念
CNYR1.XCUQ,牛羊肉,牛羊肉概念
CWHJCG1.XCUQ,外汇局持股,外汇局持股概念
CRMBSZ1.XCUQ,人民币升值,人民币升值概念
CJLYX1.XCUQ,聚氯乙烯,聚氯乙烯概念
CLZJS1.XCUQ,量子计算,量子计算概念
CZX1.XCUQ,征信,征信概念
CNS1.XCUQ,尿素,尿素概念
CHZP1.XCUQ,化妆品,化妆品概念
CHSDH1.XCUQ,海水淡化,海水淡化概念
CPDW1.XCUQ,配电网,配电网概念
CCJJSJ1.XCUQ,超级计算机,超级计算机概念
CTMT1.XCUQ,tmt,tmt概念
CLY1.XCUQ,旅游,旅游概念
CSX1.XCUQ,三星,三星概念
CDS1.XCUQ,电石,电石概念
CNCJR1.XCUQ,农村金融,农村金融概念
CSY1.XCUQ,兽药,兽药概念
CWW1.XCUQ,维稳,维稳概念
CSY1.XCUQ,食盐,食盐概念
CJSGG1.XCUQ,节水灌溉,节水灌溉概念
C3DDY1.XCUQ,3d打印,3d打印概念
CYL1.XCUQ,饮料,饮料概念
CMKAQ1.XCUQ,煤矿安全,煤矿安全概念
CYM1.XCUQ,玉米,玉米概念
CQS1.XCUQ,券商,券商概念
CTRQGD1.XCUQ,天然气管道,天然气管道概念
CTB1.XCUQ,铜箔,铜箔概念
CTJY1.XCUQ,碳交易,碳交易概念
CYHWJ1.XCUQ,一号文件,一号文件概念
CTKS1.XCUQ,铁矿石,铁矿石概念
CPPP1.XCUQ,ppp,ppp概念
CJC1.XCUQ,甲醇,甲醇概念
CHYJJ1.XCUQ,海洋经济,海洋经济概念
CP2P1.XCUQ,p2p,p2p概念
CKQJH1.XCUQ,空气净化,空气净化概念
CBZF1.XCUQ,保障房,保障房概念
CYT1.XCUQ,游艇,游艇概念
CMH1.XCUQ,棉花,棉花概念
CDT1.XCUQ,低碳,低碳概念
CESC1.XCUQ,二手车,二手车概念
CXXCZH1.XCUQ,新型城镇化,新型城镇化概念
CQCZZ1.XCUQ,汽车制造,汽车制造概念
CKAZB1.XCUQ,抗艾滋病,抗艾滋病概念
CHMSB1.XCUQ,虹膜识别,虹膜识别概念
CFPKF1.XCUQ,扶贫开发,扶贫开发概念
CZKBD1.XCUQ,寨卡病毒,寨卡病毒概念
CXEDK1.XCUQ,小额贷款,小额贷款概念
CNM1.XCUQ,纳米,纳米概念
CHJT1.XCUQ,环己酮,环己酮概念
CRS1.XCUQ,人参,人参概念
CDJ1.XCUQ,电竞,电竞概念
CDEX1.XCUQ,丁二烯,丁二烯概念
CHJJ1.XCUQ,火箭军,火箭军概念
CSJ1.XCUQ,烧碱,烧碱概念
CHW1.XCUQ,华为,华为概念
CYS1.XCUQ,盐酸,盐酸概念
CBJP1.XCUQ,保健品,保健品概念
CYL1.XCUQ,液氯,液氯概念
CYYY1.XCUQ,油页岩,油页岩概念
CSYS1.XCUQ,双氧水,双氧水概念
CWLGGW1.XCUQ,物流骨干网,物流骨干网概念
CJD1.XCUQ,京东,京东概念
CKD1.XCUQ,快递,快递概念
CCZYH1.XCUQ,村镇银行,村镇银行概念
CLSJZ1.XCUQ,绿色建筑,绿色建筑概念
CRMBBZ1.XCUQ,人民币贬值,人民币贬值概念
CBT1.XCUQ,白糖,白糖概念
CWX1.XCUQ,微信,微信概念
CHSFD1.XCUQ,海上风电,海上风电概念
CJBX1.XCUQ,聚丙烯,聚丙烯概念
CYL1.XCUQ,园林,园林概念
CJL1.XCUQ,锦纶,锦纶概念
CGX1.XCUQ,光纤,光纤概念
CKA1.XCUQ,抗癌,抗癌概念
CXT1.XCUQ,信托,信托概念
CHKFDJ1.XCUQ,航空发动机,航空发动机概念
CZJDX1.XCUQ,粘胶短纤,粘胶短纤概念
CQRLDC1.XCUQ,氢燃料电池,氢燃料电池概念
CQCXS1.XCUQ,汽车销售,汽车销售概念
CO2O1.XCUQ,o2o,o2o概念
CLQ1.XCUQ,沥青,沥青概念
CZC1.XCUQ,众筹,众筹概念
CLCGG1.XCUQ,林场改革,林场改革概念
CLD1.XCUQ,雷达,雷达概念
CDR1.XCUQ,地热,地热概念
CJGGZ1.XCUQ,军工改制,军工改制概念
CGQ1.XCUQ,供气,供气概念
CKZ1.XCUQ,口罩,口罩概念
CTDI1.XCUQ,tdi,tdi概念
CIP1.XCUQ,IP,IP概念
CYFZG1.XCUQ,依法治国,依法治国概念
CSWYZ1.XCUQ,生物育种,生物育种概念
CSWRH1.XCUQ,三网融合,三网融合概念
CHLWYH1.XCUQ,互联网银行,互联网银行概念
CZTGY1.XCUQ,主题公园,主题公园概念
CJY1.XCUQ,教育,教育概念
CZMQ1.XCUQ,自贸区,自贸区概念
CXQDS1.XCUQ,西气东输,西气东输概念
CSYGG1.XCUQ,水域改革,水域改革概念
CHJSD1.XCUQ,黄金水道,黄金水道概念
CZWTX1.XCUQ,专网通信,专网通信概念
CDM1.XCUQ,动漫,动漫概念
CZNB1.XCUQ,智能表,智能表概念
CM1.XCUQ,钼,钼概念
CQ1.XCUQ,铅,铅概念
CX1.XCUQ,锌,锌概念
CSHGQGG1.XCUQ,上海国企改革,上海国企改革概念
CBTB1.XCUQ,比特币,比特币概念
CQNJ1.XCUQ,气凝胶,气凝胶概念
CZJGZGG1.XCUQ,浙江国资改革,浙江国资改革概念
CYDJR1.XCUQ,移动金融,移动金融概念
CNQDC1.XCUQ,镍氢电池,镍氢电池概念
CCQGQGG1.XCUQ,重庆国企改革,重庆国企改革概念
CLSXF1.XCUQ,绿色消费,绿色消费概念
CMCQ1.XCUQ,煤层气,煤层气概念
CZWZF1.XCUQ,指纹支付,指纹支付概念
CETXFP1.XCUQ,儿童消费品,儿童消费品概念
CZYZWQ1.XCUQ,中央政务区,中央政务区概念
CAHZMQ1.XCUQ,安徽自贸区,安徽自贸区概念
CZSXQ1.XCUQ,舟山新区,舟山新区概念
CTZWXQ1.XCUQ,通州湾新区,通州湾新区概念
CTYL1.XCUQ,铜冶炼,铜冶炼概念
CDJM1.XCUQ,电解锰,电解锰概念
CTS1.XCUQ,炭素,炭素概念
CYJJ1.XCUQ,预警机,预警机概念
CYDPOSJ1.XCUQ,移动POS机,移动POS机概念
CHNZMQ1.XCUQ,河南自贸区,河南自贸区概念
CJRS1.XCUQ,聚乳酸,聚乳酸概念
CQXSJ1.XCUQ,全息手机,全息手机概念
CLY3D1.XCUQ,裸眼3D,裸眼3D概念
CLCHJ1.XCUQ,钌催化剂,钌催化剂概念
CTJGQGG1.XCUQ,天津国企改革,天津国企改革概念
CNXSGG1.XCUQ,农信社改革,农信社改革概念
CXNYYS1.XCUQ,虚拟运营商,虚拟运营商概念
CHNZMQ1.XCUQ,湖南自贸区,湖南自贸区概念
CCGYH1.XCUQ,参股银行,参股银行概念
CJTYKT1.XCUQ,交通一卡通,交通一卡通概念
CZSJS1.XCUQ,再生金属,再生金属概念
CKCB1.XCUQ,科创板,科创板概念
CHGJ1.XCUQ,核高基,核高基概念
CGCD1.XCUQ,骨传导,骨传导概念
CQDZMQ1.XCUQ,青岛自贸区,青岛自贸区概念
CSSYQ1.XCUQ,搜索引擎,搜索引擎概念
CXJGQGG1.XCUQ,新疆国企改革,新疆国企改革概念
CSXZMQ1.XCUQ,陕西自贸区,陕西自贸区概念
CHL1.XCUQ,黑磷,黑磷概念
CJWJ1.XCUQ,鸡尾酒,鸡尾酒概念
CWHZMQ1.XCUQ,武汉自贸区,武汉自贸区概念
CGJB1.XCUQ,国际板,国际板概念
CYNGZGG1.XCUQ,云南国资改革,云南国资改革概念
CFJZL1.XCUQ,飞机租赁,飞机租赁概念
CBLXW1.XCUQ,玻璃纤维,玻璃纤维概念
CDCXC1.XCUQ,冬虫夏草,冬虫夏草概念
CZJSZL1.XCUQ,重金属治理,重金属治理概念
CHTT1.XCUQ,沪台通,沪台通概念
CFSJG1.XCUQ,佛山金改,佛山金改概念
CLLH1.XCUQ,老龄化,老龄化概念
CYDYB1.XCUQ,仪电仪表,仪电仪表概念
CZEZMQ1.XCUQ,中俄自贸区,中俄自贸区概念
CJJGC1.XCUQ,基建工程,基建工程概念
CGZGZGG1.XCUQ,贵州国资改革,贵州国资改革概念
CVRYX1.XCUQ,VR游戏,VR游戏概念
CPTA1.XCUQ,PTA,PTA概念
CPVC1.XCUQ,PVC,PVC概念
CZY1.XCUQ,藏药,藏药概念
CGTYP1.XCUQ,固态硬盘,固态硬盘概念
CSWYM1.XCUQ,生物疫苗,生物疫苗概念
CFPHS1.XCUQ,废品回收,废品回收概念
CATMJ1.XCUQ,ATM机,ATM机概念
CCQZMQ1.XCUQ,重庆自贸区,重庆自贸区概念
CVRZB1.XCUQ,VR直播,VR直播概念
CDMBLH1.XCUQ,东盟博览会,东盟博览会概念
CHYBW1.XCUQ,环氧丙烷,环氧丙烷概念
CYS1.XCUQ,萤石,萤石概念
CYG1.XCUQ,盐改,盐改概念
CLLYH1.XCUQ,流量银行,流量银行概念
CHBBZ1.XCUQ,环保包装,环保包装概念
CYDS1.XCUQ,胰岛素,胰岛素概念
CTHZ1.XCUQ,太赫兹,太赫兹概念
CWLSP1.XCUQ,网络视频,网络视频概念
CHTNYGL1.XCUQ,合同能源管理,合同能源管理概念
CGBDS1.XCUQ,广播电视,广播电视概念
CZAZMQ1.XCUQ,中澳自贸区,中澳自贸区概念
CIPV61.XCUQ,IPv6,IPv6概念
CJTNC1.XCUQ,家庭农场,家庭农场概念
CZNYJ1.XCUQ,智能眼镜,智能眼镜概念
CBJGZGG1.XCUQ,北京国资改革,北京国资改革概念
CCCL1.XCUQ,超材料,超材料概念
CTJ1.XCUQ,炭疽,炭疽概念
CTNMG1.XCUQ,碳纳米管,碳纳米管概念
CNBCHB1.XCUQ,南北船合并,南北船合并概念
CSTZM1.XCUQ,ST摘帽,ST摘帽概念
CEENN1.XCUQ,厄尔尼诺,厄尔尼诺概念
CJES1.XCUQ,己二酸,己二酸概念
CJYXP1.XCUQ,基因芯片,基因芯片概念
CSJCC1.XCUQ,数据存储,数据存储概念
CGFBL1.XCUQ,光伏玻璃,光伏玻璃概念
CJLZDC1.XCUQ,钾离子电池,钾离子电池概念
CDGR1.XCUQ,登革热,登革热概念
CSK1.XCUQ,涉矿,涉矿概念
CYJXD1.XCUQ,油价下调,油价下调概念
CZHDJ1.XCUQ,智慧党建,智慧党建概念
CZBJJZL1.XCUQ,中巴经济走廊,中巴经济走廊概念
CGCCZXT1.XCUQ,国产操作系统,国产操作系统概念
CYB1.XCUQ,阅兵,阅兵概念
CZHZTGY1.XCUQ,珠海主题公园,珠海主题公园概念
CQIOE1.XCUQ,去IOE,去IOE概念
CRZTY1.XCUQ,人造太阳,人造太阳概念
CABL1.XCUQ,埃博拉,埃博拉概念
CATBG1.XCUQ,阿糖胞苷,阿糖胞苷概念
CXBRMB1.XCUQ,新版人民币,新版人民币概念
CHGY1.XCUQ,黄光裕,黄光裕概念
CGYJQR1.XCUQ,工业机器人,工业机器人概念
CCX1.XCUQ,除雪,除雪概念
CTXJZ1.XCUQ,通信基站,通信基站概念
CDSH1.XCUQ,大上海,大上海概念
CBCK1.XCUQ,百草枯,百草枯概念
CAHGZGG1.XCUQ,安徽国资改革,安徽国资改革概念
CLNGJQZ1.XCUQ,LNG加气站,LNG加气站概念
CSRFJ1.XCUQ,私人飞机,私人飞机概念
CNFC1.XCUQ,NFC,NFC概念
CNKGG1.XCUQ,农垦改革,农垦改革概念
CDLZMQ1.XCUQ,大连自贸区,大连自贸区概念
CGCWG1.XCUQ,国产伟哥,国产伟哥概念
CBC1.XCUQ,靶材,靶材概念
CXJZMQ1.XCUQ,新疆自贸区,新疆自贸区概念
CZFHZ1.XCUQ,中非合作,中非合作概念
CYLDC1.XCUQ,养老地产,养老地产概念
CGXNM1.XCUQ,高性能膜,高性能膜概念
CFWJQR1.XCUQ,服务机器人,服务机器人概念
CYXYX1.XCUQ,医学影像,医学影像概念
CNMZ1.XCUQ,纳米纸,纳米纸概念
CEJM1.XCUQ,二甲醚,二甲醚概念
CDZCP1.XCUQ,电子车牌,电子车牌概念
CSZGQGG1.XCUQ,深圳国企改革,深圳国企改革概念
CDSJFK1.XCUQ,大数据反恐,大数据反恐概念
CZYY1.XCUQ,中医药,中医药概念
CSJGG1.XCUQ,水价改革,水价改革概念
CJYLF1.XCUQ,基因疗法,基因疗法概念
CBJHQYC1.XCUQ,北京环球影城,北京环球影城概念
CQRJ1.XCUQ,情人节,情人节概念
CXXB1.XCUQ,新兴板,新兴板概念
CSZKB1.XCUQ,手足口病,手足口病概念
CSMDJ1.XCUQ,石墨电极,石墨电极概念
CYGADWQ1.XCUQ,粤港澳大湾区,粤港澳大湾区概念
CBLD1.XCUQ,便利店,便利店概念
CTX1.XCUQ,腾讯,腾讯概念
CDZBQ1.XCUQ,电子标签,电子标签概念
CPS1.XCUQ,排水,排水概念
CYHL1.XCUQ,氧化铝,氧化铝概念
CWJJ1.XCUQ,挖掘机,挖掘机概念
CWRSD1.XCUQ,无人商店,无人商店概念
CZJCL1.XCUQ,正极材料,正极材料概念
CGXBG1.XCUQ,共享办公,共享办公概念
CTLHG1.XCUQ,铁路混改,铁路混改概念
CZDC1.XCUQ,正丁醇,正丁醇概念
CJSGQGG1.XCUQ,江苏国企改革,江苏国企改革概念
CZFZL1.XCUQ,住房租赁,住房租赁概念
CGJY1.XCUQ,硅晶圆,硅晶圆概念
CLG1.XCUQ,流感,流感概念
CGT1.XCUQ,铬铁,铬铁概念
CYHQ1.XCUQ,液化气,液化气概念
CBQXNY1.XCUQ,北汽新能源,北汽新能源概念
CLTHG1.XCUQ,联通混改,联通混改概念
CDXYZH1.XCUQ,电信业整合,电信业整合概念
CXADR1.XCUQ,雄安地热,雄安地热概念
CTZHG1.XCUQ,铁总混改,铁总混改概念
CQYH1.XCUQ,全运会,全运会概念
CJZFH1.XCUQ,金砖峰会,金砖峰会概念
CYB1.XCUQ,月饼,月饼概念
CHPVYM1.XCUQ,HPV疫苗,HPV疫苗概念
CNBE1.XCUQ,诺贝尔,诺贝尔概念
CYTX1.XCUQ,云通信,云通信概念
CNLZDC1.XCUQ,钠离子电池,钠离子电池概念
CCG1.XCUQ,醋酐,醋酐概念
CQFS1.XCUQ,氢氟酸,氢氟酸概念
CHQ1.XCUQ,婚庆,婚庆概念
CSHZYMYG1.XCUQ,上海自由贸易港,上海自由贸易港概念
C360JK1.XCUQ,360借壳,360借壳概念
CGXYY1.XCUQ,共享医院,共享医院概念
CXK1.XCUQ,显卡,显卡概念
CDZ1.XCUQ,电阻,电阻概念
CJRTT1.XCUQ,今日头条,今日头条概念
CZSCQBH1.XCUQ,知识产权保护,知识产权保护概念
CSYZ1.XCUQ,史玉柱,史玉柱概念
CHYGK1.XCUQ,航运港口,航运港口概念
CGK1.XCUQ,高考,高考概念
CTLPFH1.XCUQ,特朗普访华,特朗普访华概念
CLHA1.XCUQ,氯化铵,氯化铵概念
CFPG1.XCUQ,复牌股,复牌股概念
CYGJS1.XCUQ,遥感技术,遥感技术概念
CYDRK1.XCUQ,移动入口,移动入口概念
CXTCC1.XCUQ,稀土磁材,稀土磁材概念
CJGZHLY1.XCUQ,秸秆综合利用,秸秆综合利用概念
CCZLKW1.XCUQ,存准率扩围,存准率扩围概念
CCAL1.XCUQ,草铵膦,草铵膦概念
CJSGZGG1.XCUQ,江苏国资改革,江苏国资改革概念
CHXT1.XCUQ,活性炭,活性炭概念
CHLWDH1.XCUQ,互联网大会,互联网大会概念
CNJGZGG1.XCUQ,南京国资改革,南京国资改革概念
CKDWL1.XCUQ,快递物流,快递物流概念
CXPSJ1.XCUQ,芯片设计,芯片设计概念
CIGBT1.XCUQ,IGBT,IGBT概念
CCGXG1.XCUQ,参股新股,参股新股概念
CSTG1.XCUQ,ST股,ST股概念
CSHKC1.XCUQ,上海科创,上海科创概念
CKTWIFI1.XCUQ,空铁WiFi,空铁WiFi概念
CJQ1.XCUQ,甲醛,甲醛概念
CZNFW1.XCUQ,智能服务,智能服务概念
CTF1.XCUQ,台风,台风概念
CSLJW1.XCUQ,三氯甲烷,三氯甲烷概念
CJQXX1.XCUQ,机器学习,机器学习概念
CYSDW1.XCUQ,有声读物,有声读物概念
CBKZ1.XCUQ,白卡纸,白卡纸概念
CYSX1.XCUQ,有色锌,有色锌概念
CYSG1.XCUQ,有色锆,有色锆概念
CYST1.XCUQ,有色锑,有色锑概念
CYSW1.XCUQ,有色钨,有色钨概念
CYSM1.XCUQ,有色钼,有色钼概念
CYSG1.XCUQ,有色钴,有色钴概念
CCSGM1.XCUQ,厕所革命,厕所革命概念
CYST1.XCUQ,有色铜,有色铜概念
CYSL1.XCUQ,有色铝,有色铝概念
CXPFZCS1.XCUQ,芯片封装测试,芯片封装测试概念
CAIXP1.XCUQ,AI芯片,AI芯片概念
CXZP1.XCUQ,血制品,血制品概念
CGTGJ1.XCUQ,高铁轨交,高铁轨交概念
CBIT1.XCUQ,BIT,BIT概念
CYST1.XCUQ,有色钛,有色钛概念
CYSF1.XCUQ,有色钒,有色钒概念
CAHGQGG1.XCUQ,安徽国企改革,安徽国企改革概念
CZZJ1.XCUQ,锗涨价,锗涨价概念
CPJG1.XCUQ,破净股,破净股概念
CJST1.XCUQ,金属锑,金属锑概念
CDHGXYQ1.XCUQ,东湖高新园区,东湖高新园区概念
CZYZMQ1.XCUQ,中以自贸区,中以自贸区概念
CMTBE1.XCUQ,MTBE,MTBE概念
CJSN1.XCUQ,金属镍,金属镍概念
CJSM1.XCUQ,金属镁,金属镁概念
CZYYSD1.XCUQ,中医药试点,中医药试点概念
CYDZS1.XCUQ,移动转售,移动转售概念
CZDXQ1.XCUQ,正定新区,正定新区概念
CYSYL1.XCUQ,影视娱乐,影视娱乐概念
CYSM1.XCUQ,有色镁,有色镁概念
CMQ1.XCUQ,幕墙,幕墙概念
CGSZTQ1.XCUQ,高送转填权,高送转填权概念
CBNX1.XCUQ,宝能系,宝能系概念
CGM1.XCUQ,硅锰,硅锰概念
CYQKC1.XCUQ,油气开采,油气开采概念
CQCGSXD1.XCUQ,汽车关税下调,汽车关税下调概念
CXJ1.XCUQ,新疆,新疆概念
CSDR1.XCUQ,SDR,SDR概念
CHZHFP1.XCUQ,化妆护肤品,化妆护肤品概念
CGLJS1.XCUQ,公路建设,公路建设概念
CFK1.XCUQ,反恐,反恐概念
CNCZJ1.XCUQ,内存涨价,内存涨价概念
CVR&AR1.XCUQ,VR&AR,VR&AR概念
CXAGGFW1.XCUQ,雄安公共服务,雄安公共服务概念
CPJS1.XCUQ,票交所,票交所概念
CKJJSL1.XCUQ,可降解塑料,可降解塑料概念
CLZH1.XCUQ,老字号,老字号概念
CXSN1.XCUQ,硝酸钠,硝酸钠概念
CXAZHCS1.XCUQ,雄安智慧城市,雄安智慧城市概念
CMS1.XCUQ,魔兽,魔兽概念
CTJJ1.XCUQ,她经济,她经济概念
CSDGZGG1.XCUQ,山东国资改革,山东国资改革概念
CWRYH1.XCUQ,无人银行,无人银行概念
CRGJY1.XCUQ,人工降雨,人工降雨概念
CZJGQGG1.XCUQ,浙江国企改革,浙江国企改革概念
CDDQCZL1.XCUQ,电动汽车租赁,电动汽车租赁概念
CKZL1.XCUQ,抗肿瘤,抗肿瘤概念
CG20FH1.XCUQ,G20峰会,G20峰会概念
CQKLDC1.XCUQ,区块链底层,区块链底层概念
CXNYZC1.XCUQ,新能源整车,新能源整车概念
CHNZYMYG1.XCUQ,海南自由贸易港,海南自由贸易港概念
CSMXSJ1.XCUQ,石墨烯手机,石墨烯手机概念
CYEJY1.XCUQ,幼儿教育,幼儿教育概念
CYL1.XCUQ,游轮,游轮概念
CZHGZGG1.XCUQ,珠海国资改革,珠海国资改革概念
CXARJ1.XCUQ,雄安软件,雄安软件概念
CBJCSGH1.XCUQ,北京城市规划,北京城市规划概念
CLDGM1.XCUQ,锂电隔膜,锂电隔膜概念
CJZTX1.XCUQ,基站天线,基站天线概念
CDMBBW1.XCUQ,东盟北部湾,东盟北部湾概念
CNDSD1.XCUQ,宁德时代,宁德时代概念
CCQGZGG1.XCUQ,重庆国资改革,重庆国资改革概念
CHTX1.XCUQ,航天系,航天系概念
CMYZYXG1.XCUQ,贸易战影响股,贸易战影响股概念
CZNXW1.XCUQ,智能纤维,智能纤维概念
CMCU1.XCUQ,MCU,MCU概念
CBMBL1.XCUQ,白马爆雷,白马爆雷概念
CJKPT1.XCUQ,金控平台,金控平台概念
CWLMT1.XCUQ,网络媒体,网络媒体概念
CXZZJ1.XCUQ,心脏支架,心脏支架概念
CDDZC1.XCUQ,兜底增持,兜底增持概念
CGQDJ1.XCUQ,股权冻结,股权冻结概念
CZGAWLHZY1.XCUQ,珠港澳物流合作园,珠港澳物流合作园概念
CYDTX1.XCUQ,移动天线,移动天线概念
CHXT1.XCUQ,沪新通,沪新通概念
CSHJ1.XCUQ,塑化剂,塑化剂概念
CZNYB1.XCUQ,智能仪表,智能仪表概念
CMHZZ1.XCUQ,棉花种植,棉花种植概念
CHX1.XCUQ,换芯,换芯概念
CYJSD1.XCUQ,油价上调,油价上调概念
CNCHJZL1.XCUQ,农村环境治理,农村环境治理概念
CJGYJS1.XCUQ,军工研究所,军工研究所概念
CJL（NL）1.XCUQ,锦纶（尼龙）,锦纶（尼龙）概念
CSJZ1.XCUQ,双胶纸,双胶纸概念
CZLX1.XCUQ,中粮系,中粮系概念
CJTSZ1.XCUQ,聚碳酸酯,聚碳酸酯概念
CTJGZGG1.XCUQ,天津国资改革,天津国资改革概念
CWDX1.XCUQ,万达系,万达系概念
CJQRCL1.XCUQ,机器人材料,机器人材料概念
CJTD1.XCUQ,聚土地,聚土地概念
CFZJ1.XCUQ,钒涨价,钒涨价概念
CCJ1.XCUQ,春节,春节概念
CAYH1.XCUQ,奥运会,奥运会概念
CSDFZX1.XCUQ,首都副中心,首都副中心概念
CYYJS1.XCUQ,语音技术,语音技术概念
CXWB1.XCUQ,纤维板,纤维板概念
CSYCLDC1.XCUQ,三元材料电池,三元材料电池概念
CLH1.XCUQ,硫磺,硫磺概念
CXASJ1.XCUQ,雄安设计,雄安设计概念
CDJDK1.XCUQ,电机电控,电机电控概念
CHLT1.XCUQ,沪伦通,沪伦通概念
CCY1.XCUQ,春运,春运概念
CSDGQGG1.XCUQ,山东国企改革,山东国企改革概念
CJHX1.XCUQ,际华系,际华系概念
CBTH1.XCUQ,白炭黑,白炭黑概念
CK12JY1.XCUQ,K12教育,K12教育概念
CPJ1.XCUQ,片碱,片碱概念
CBGCZ1.XCUQ,并购重组,并购重组概念
C3DGY1.XCUQ,3D感应,3D感应概念
CCTX1.XCUQ,诚通系,诚通系概念
CJPG1.XCUQ,举牌股,举牌股概念
CYQYSCC1.XCUQ,油气运输仓储,油气运输仓储概念
CFPCJJJ1.XCUQ,发泡餐具解禁,发泡餐具解禁概念
CRLYC1.XCUQ,燃料乙醇,燃料乙醇概念
CZBX1.XCUQ,中兵系,中兵系概念
CTGJH1.XCUQ,体感交互,体感交互概念
CTXSB1.XCUQ,图像识别,图像识别概念
CHNGZGG1.XCUQ,河南国资改革,河南国资改革概念
C5GYYS1.XCUQ,5G运营商,5G运营商概念
CSZSJ1.XCUQ,数字视觉,数字视觉概念
CGGYX1.XCUQ,广告营销,广告营销概念
CDDSZC1.XCUQ,兜底式增持,兜底式增持概念
C5GZSB1.XCUQ,5G主设备,5G主设备概念
CWYW1.XCUQ,王亚伟,王亚伟概念
CRJJH1.XCUQ,人机交互,人机交互概念
CYZ1.XCUQ,养猪,养猪概念
CYGZL1.XCUQ,乙肝治疗,乙肝治疗概念
CYGQ1.XCUQ,油改气,油改气概念
CHHZWDWQ1.XCUQ,环杭州湾大湾区,环杭州湾大湾区概念
CCYFD1.XCUQ,柴油发电,柴油发电概念
CYXG1.XCUQ,优先股,优先股概念
CCS1.XCUQ,醋酸,醋酸概念
CCXFD1.XCUQ,潮汐发电,潮汐发电概念
CXAGCJJ1.XCUQ,雄安工程基建,雄安工程基建概念
CYLKF1.XCUQ,园林开发,园林开发概念
CJAZBHB1.XCUQ,静安闸北合并,静安闸北合并概念
CGQZD1.XCUQ,股权争夺,股权争夺概念
CNBJB1.XCUQ,年报季报,年报季报概念
CBM1.XCUQ,宝马,宝马概念
CHLWQS1.XCUQ,互联网券商,互联网券商概念
CFSZL1.XCUQ,风沙治理,风沙治理概念
CSSY1.XCUQ,双十一,双十一概念
CHLWQH1.XCUQ,互联网期货,互联网期货概念
CZGX1.XCUQ,紫光系,紫光系概念
CXPCL1.XCUQ,芯片材料,芯片材料概念
CMCL1.XCUQ,膜材料,膜材料概念
CHDL1.XCUQ,海底捞,海底捞概念
CGCHM1.XCUQ,国产航母,国产航母概念
CLSYA1.XCUQ,磷酸一铵,磷酸一铵概念
CCYBRQG1.XCUQ,创业板人气股,创业板人气股概念
CJGZC1.XCUQ,机构重仓,机构重仓概念
CSZYD1.XCUQ,数字阅读,数字阅读概念
CQWDZ1.XCUQ,全屋定制,全屋定制概念
CXAJT1.XCUQ,雄安交通,雄安交通概念
CNJ1.XCUQ,疟疾,疟疾概念
CXFZB1.XCUQ,消防装备,消防装备概念
CDTY1.XCUQ,多肽药,多肽药概念
CGKX1.XCUQ,国开行,国开行概念
CFBB1.XCUQ,范冰冰,范冰冰概念
CT1.XCUQ,钛,钛概念
CSXGQGG1.XCUQ,山西国企改革,山西国企改革概念
CY1.XCUQ,铟,铟概念
CHQZTGY1.XCUQ,环球主题公园,环球主题公园概念
CZKX1.XCUQ,中科系,中科系概念
CKJBX1.XCUQ,科技保险,科技保险概念
CCE1.XCUQ,嫦娥,嫦娥概念
CZDHZ1.XCUQ,中德合作,中德合作概念
CJGHG1.XCUQ,军工混改,军工混改概念
CHKZL1.XCUQ,航空租赁,航空租赁概念
CZHX1.XCUQ,中航系,中航系概念
CXYJGXS1.XCUQ,象牙加工销售,象牙加工销售概念
CXTZH1.XCUQ,稀土整合,稀土整合概念
CYBML1.XCUQ,医保目录,医保目录概念
CRMBFW1.XCUQ,人民币防伪,人民币防伪概念
CSNS1.XCUQ,SNS,SNS概念
CGXSGG1.XCUQ,供销社改革,供销社改革概念
CFQCL1.XCUQ,废气处理,废气处理概念
CNYZZ1.XCUQ,农业种植,农业种植概念
CYLJCG1.XCUQ,养老金持股,养老金持股概念
CBC1.XCUQ,博彩,博彩概念
CHLWFY1.XCUQ,互联网法院,互联网法院概念
CJYWRJ1.XCUQ,军用无人机,军用无人机概念
CZCX1.XCUQ,中材系,中材系概念
CBYT1.XCUQ,避孕套,避孕套概念
CTS1.XCUQ,碳税,碳税概念
CCXGG1.XCUQ,朝鲜改革,朝鲜改革概念
CSCGZGG1.XCUQ,四川国资改革,四川国资改革概念
CGLT1.XCUQ,高岭土,高岭土概念
CMH1.XCUQ,民航,民航概念
CLNGZGG1.XCUQ,辽宁国资改革,辽宁国资改革概念
CYJYZ1.XCUQ,业绩预增,业绩预增概念
CZTJ1.XCUQ,增碳剂,增碳剂概念
CHLWDL1.XCUQ,互联网电力,互联网电力概念
CYS1.XCUQ,影视,影视概念
CPTJTBJ1.XCUQ,葡萄酒替白酒,葡萄酒替白酒概念
CPA661.XCUQ,PA66,PA66概念
CQKLCB1.XCUQ,区块链储备,区块链储备概念
CSGT1.XCUQ,深股通,深股通概念
CJYJQR1.XCUQ,军用机器人,军用机器人概念
CJLZ1.XCUQ,焦虑症,焦虑症概念
CCB1.XCUQ,粗苯,粗苯概念
CYCGT1.XCUQ,永磁高铁,永磁高铁概念
CNK1.XCUQ,农垦,农垦概念
CHNGQGG1.XCUQ,湖南国企改革,湖南国企改革概念
CGTX1.XCUQ,国投系,国投系概念
CMYZSYG1.XCUQ,贸易战受益股,贸易战受益股概念
CZCX1.XCUQ,中船系,中船系概念
CYG1.XCUQ,妖股,妖股概念
CXX1.XCUQ,徐翔,徐翔概念
CJNDJ1.XCUQ,节能电机,节能电机概念
CDK1.XCUQ,单抗,单抗概念
CZWJS1.XCUQ,指纹技术,指纹技术概念
CTCCP1.XCUQ,陶瓷产品,陶瓷产品概念
CCGASBDT1.XCUQ,参股安世半导体,参股安世半导体概念
CJZSP1.XCUQ,基站射频,基站射频概念
CMYWRJ1.XCUQ,民用无人机,民用无人机概念
CYKYL1.XCUQ,眼科医疗,眼科医疗概念
CSY1.XCUQ,鼠疫,鼠疫概念
CBXSJZ1.XCUQ,丙烯酸及酯,丙烯酸及酯概念
CDZCJ1.XCUQ,地震重建,地震重建概念
CYX1.XCUQ,游戏,游戏概念
CCCXP1.XCUQ,存储芯片,存储芯片概念
CHXY1.XCUQ,化学药,化学药概念
CKFSY1.XCUQ,抗辐射药,抗辐射药概念
CQDXHA1.XCUQ,青岛西海岸,青岛西海岸概念
CZZGAMC1.XCUQ,债转股AMC,债转股AMC概念
CSF1.XCUQ,涉矾,涉矾概念
CGCTD1.XCUQ,国产替代,国产替代概念
CJSPX1.XCUQ,驾驶培训,驾驶培训概念
CBYFW1.XCUQ,殡仪服务,殡仪服务概念
CGXGL1.XCUQ,光纤光缆,光纤光缆概念
CZFZLREITS1.XCUQ,住房租赁REITs,住房租赁REITs概念
CJLGZGG1.XCUQ,吉林国资改革,吉林国资改革概念
CMXCG1.XCUQ,明星参股,明星参股概念
CXM1.XCUQ,小米,小米概念
CDGY1.XCUQ,地沟油,地沟油概念
CGZZH1.XCUQ,国资整合,国资整合概念
CHBGZGG1.XCUQ,湖北国资改革,湖北国资改革概念
CPXZWJS1.XCUQ,屏下指纹技术,屏下指纹技术概念
CXAYLHB1.XCUQ,雄安园林环保,雄安园林环保概念
CYDSP1.XCUQ,移动射频,移动射频概念
CNKX1.XCUQ,脑科学,脑科学概念
CTKWYJ1.XCUQ,太空望远镜,太空望远镜概念
CDJY1.XCUQ,电解液,电解液概念
CLSA1.XCUQ,硫酸铵,硫酸铵概念
CXAZB1.XCUQ,雄安周边,雄安周边概念
CLSJ1.XCUQ,硫酸钾,硫酸钾概念
CLX1.XCUQ,联想,联想概念
CZBCC1.XCUQ,灾备存储,灾备存储概念
CGSGZGG1.XCUQ,甘肃国资改革,甘肃国资改革概念
CRY（NF）1.XCUQ,乳业（奶粉）,乳业（奶粉）概念
CWFCL1.XCUQ,危废处理,危废处理概念
CXAJC1.XCUQ,雄安建材,雄安建材概念
CXC1.XCUQ,哮喘,哮喘概念
CZYX1.XCUQ,中远系,中远系概念
CABX1.XCUQ,安邦系,安邦系概念
CHNGZGG1.XCUQ,湖南国资改革,湖南国资改革概念
CXNJQR1.XCUQ,虚拟机器人,虚拟机器人概念
CFJCL1.XCUQ,负极材料,负极材料概念
CSLCP1.XCUQ,塑料钞票,塑料钞票概念
CCGWDSY1.XCUQ,参股万达商业,参股万达商业概念
CJYDB1.XCUQ,胶原蛋白,胶原蛋白概念
CZMQ1.XCUQ,致密气,致密气概念
CJDJR1.XCUQ,京东金融,京东金融概念
CRMBBZSY1.XCUQ,人民币贬值受益,人民币贬值受益概念
CMF1.XCUQ,面粉,面粉概念
CTB/FTB1.XCUQ,铜箔/覆铜板,铜箔/覆铜板概念
CXCX1.XCUQ,小程序,小程序概念
CGGSBXD1.XCUQ,国改双百行动,国改双百行动概念
CWYWCG1.XCUQ,王亚伟持股,王亚伟持股概念
CTFYXG1.XCUQ,台风影响股,台风影响股概念
CSZBDG1.XCUQ,深圳本地股,深圳本地股概念
CJKBLH1.XCUQ,进口博览会,进口博览会概念
CQSRQG1.XCUQ,强势人气股,强势人气股概念
CYF1.XCUQ,油服,油服概念
CXZPQ1.XCUQ,小猪佩奇,小猪佩奇概念
CSP1.XCUQ,食品,食品概念
CDJJ1.XCUQ,大基建,大基建概念
CZGDKX1.XCUQ,中国电科系,中国电科系概念
CXZGZGG1.XCUQ,西藏国资改革,西藏国资改革概念
CGG1.XCUQ,谷歌,谷歌概念
COLEDCL1.XCUQ,oled材料,oled材料概念
CPAZGCG1.XCUQ,平安资管持股,平安资管持股概念
CWLQC1.XCUQ,蔚来汽车,蔚来汽车概念
CGZCY1.XCUQ,国资驰援,国资驰援概念
CHHX1.XCUQ,海航系,海航系概念
CYX1.XCUQ,乙烯,乙烯概念
CDM1.XCUQ,大麻,大麻概念
CMT1.XCUQ,美团,美团概念
CPGQH1.XCUQ,苹果期货,苹果期货概念
CZTX1.XCUQ,中铁系,中铁系概念
COLEDMB1.XCUQ,oled面板,oled面板概念
CZWYQ1.XCUQ,猪瘟疫情,猪瘟疫情概念
CQSYD1.XCUQ,潜水运动,潜水运动概念
CSXGZGG1.XCUQ,山西国资改革,山西国资改革概念
COLEDXP1.XCUQ,oled芯片,oled芯片概念
CQTT1.XCUQ,趣头条,趣头条概念
CSZBDG/SSHZ1.XCUQ,深圳本地股/深汕合作,深圳本地股/深汕合作概念
CFJZM/HX1.XCUQ,福建自贸/海西,福建自贸/海西概念
CZB/DSP1.XCUQ,直播/短视频,直播/短视频概念
CGJKXJSJ1.XCUQ,国家科学技术奖,国家科学技术奖概念
CNBYZ1.XCUQ,年报预增,年报预增概念
CCQSP1.XCUQ,超清视频,超清视频概念
CTXYY1.XCUQ,腾讯音乐,腾讯音乐概念
CDJG1.XCUQ,低价股,低价股概念
CGJG1.XCUQ,高价股,高价股概念
CMJDY1.XCUQ,密集调研,密集调研概念
CXJZSCFG1.XCUQ,新进指数成份股,新进指数成份股概念
CSBZC1.XCUQ,社保重仓,社保重仓概念
CCMJZ1.XCUQ,筹码集中,筹码集中概念
CFTN1.XCUQ,芬太尼,芬太尼概念
CYPXXHZS1.XCUQ,药品信息化追溯,药品信息化追溯概念
CZCCZ1.XCUQ,资产重组,资产重组概念
CKGS1.XCUQ,壳公司,壳公司概念
CDDCX1.XCUQ,滴滴出行,滴滴出行概念
CHG1.XCUQ,回购,回购概念
CYSN1.XCUQ,有色镍,有色镍概念
CPFCX1.XCUQ,破发次新,破发次新概念
CAHYJG1.XCUQ,AH溢价股,AH溢价股概念
CRXP1.XCUQ,柔性屏,柔性屏概念
CPD-1YZJ1.XCUQ,PD-1抑制剂,PD-1抑制剂概念
CYK1.XCUQ,眼科,眼科概念
CNX1.XCUQ,宁夏,宁夏概念
CDZPF1.XCUQ,定增破发,定增破发概念
CHLTYQ1.XCUQ,沪伦通预期,沪伦通预期概念
CHD1.XCUQ,黑洞,黑洞概念
CKCBDB1.XCUQ,科创板对标,科创板对标概念
CRZR1.XCUQ,人造肉,人造肉概念
CSZXC1.XCUQ,数字乡村,数字乡村概念
CYC1.XCUQ,烟草,烟草概念
CSBXD1.XCUQ,双百行动,双百行动概念
CWZZC1.XCUQ,外资重仓,外资重仓概念
CDRAM（NC）1.XCUQ,DRAM（内存）,DRAM（内存）概念
CGKJ（J）1.XCUQ,光刻机（胶）,光刻机（胶）概念
CJG1.XCUQ,旧改,旧改概念
CJSZMQ1.XCUQ,江苏自贸区,江苏自贸区概念
CZZ2001.XCUQ,中证200,中证200概念
CYBC1.XCUQ,异丙醇,异丙醇概念
CUWBCKD1.XCUQ,UWB超宽带,UWB超宽带概念
CXAGXCY1.XCUQ,雄安高新产业,雄安高新产业概念
CGZYQ1.XCUQ,感知氧气,感知氧气概念
CVPN1.XCUQ,VPN,VPN概念
CYM1.XCUQ,医美,医美概念
CAECHMB1.XCUQ,阿尔茨海默病,阿尔茨海默病概念
CYLYT1.XCUQ,邮轮游艇,邮轮游艇概念
C6G1.XCUQ,6G,6G概念
CZDP1.XCUQ,折叠屏,折叠屏概念
CMINILED1.XCUQ,MiniLED,MiniLED概念
CZDSC1.XCUQ,自动刹车,自动刹车概念
CGXS1.XCUQ,供销社,供销社概念
CPM2.51.XCUQ,PM2.5,PM2.5概念
CNCDS1.XCUQ,农村电商,农村电商概念
CGX1.XCUQ,高校,高校概念
CNYHLW1.XCUQ,能源互联网,能源互联网概念
CLDC1.XCUQ,锂电池,锂电池概念
CSPAQ1.XCUQ,食品安全,食品安全概念
CTLTX1.XCUQ,脱硫脱硝,脱硫脱硝概念
CGPU1.XCUQ,GPU,GPU概念
CZJY1.XCUQ,转基因,转基因概念
CSWYY1.XCUQ,生物医药,生物医药概念
CJMRH1.XCUQ,军民融合,军民融合概念
CYDZF1.XCUQ,移动支付,移动支付概念
CSTNY1.XCUQ,生态农业,生态农业概念
CZQXS1.XCUQ,增强现实,增强现实概念
CNJ1.XCUQ,农机,农机概念
CTYHK1.XCUQ,通用航空,通用航空概念
CKDZG1.XCUQ,宽带中国,宽带中国概念
CZXDB1.XCUQ,振兴东北,振兴东北概念
CZZG1.XCUQ,债转股,债转股概念
CCGQ1.XCUQ,传感器,传感器概念
CJG1.XCUQ,激光,激光概念
CPGCYL1.XCUQ,苹果产业链,苹果产业链概念
CYYQ1.XCUQ,页岩气,页岩气概念
CWRJS1.XCUQ,无人驾驶,无人驾驶概念
CLZTX1.XCUQ,量子通信,量子通信概念
CYEC1.XCUQ,乙二醇,乙二醇概念
CDXGL1.XCUQ,地下管廊,地下管廊概念
CZYJY1.XCUQ,职业教育,职业教育概念
CZWSB1.XCUQ,指纹识别,指纹识别概念
CTJZMQ1.XCUQ,天津自贸区,天津自贸区概念
CQH1.XCUQ,期货,期货概念
CXNYQC1.XCUQ,新能源汽车,新能源汽车概念
CTGY1.XCUQ,特高压,特高压概念
CWLAQ1.XCUQ,网络安全,网络安全概念
CDZY1.XCUQ,电子烟,电子烟概念
CKJDS1.XCUQ,跨境电商,跨境电商概念
CZXLY1.XCUQ,在线旅游,在线旅游概念
CDJG1.XCUQ,多晶硅,多晶硅概念
CYDYL1.XCUQ,一带一路,一带一路概念
CZNJT1.XCUQ,智能交通,智能交通概念
CTSL1.XCUQ,特斯拉,特斯拉概念
CZR1.XCUQ,猪肉,猪肉概念
CHD1.XCUQ,恒大,恒大概念
CDLXX1.XCUQ,地理信息,地理信息概念
CFJZMQ1.XCUQ,福建自贸区,福建自贸区概念
CRZZL1.XCUQ,融资租赁,融资租赁概念
CYLGG1.XCUQ,医疗改革,医疗改革概念
CXFJR1.XCUQ,消费金融,消费金融概念
CHJJC1.XCUQ,环境监测,环境监测概念
CET1.XCUQ,二胎,二胎概念
CCT1.XCUQ,创投,创投概念
CHLW+1.XCUQ,互联网+,互联网+概念
CHD1.XCUQ,核电,核电概念
CJQSJ1.XCUQ,机器视觉,机器视觉概念
CQKL1.XCUQ,区块链,区块链概念
CZNSB1.XCUQ,智能手表,智能手表概念
CXTYC1.XCUQ,稀土永磁,稀土永磁概念
CWRJ1.XCUQ,无人机,无人机概念
CMLZG1.XCUQ,美丽中国,美丽中国概念
CDSN1.XCUQ,迪士尼,迪士尼概念
CWSS1.XCUQ,维生素,维生素概念
CBDDH1.XCUQ,北斗导航,北斗导航概念
CWSCL1.XCUQ,污水处理,污水处理概念
CCJDR1.XCUQ,超级电容,超级电容概念
CSZHB1.XCUQ,数字货币,数字货币概念
CZQ1.XCUQ,足球,足球概念
CHTJG1.XCUQ,航天军工,航天军工概念
CG1.XCUQ,钴,钴概念
CYPGG1.XCUQ,油品改革,油品改革概念
CALBB1.XCUQ,阿里巴巴,阿里巴巴概念
CRLSB1.XCUQ,人脸识别,人脸识别概念
CDFJ1.XCUQ,大飞机,大飞机概念
CCDZ1.XCUQ,充电桩,充电桩概念
CMYJF1.XCUQ,蚂蚁金服,蚂蚁金服概念
CGT1.XCUQ,高铁,高铁概念
CSJB1.XCUQ,世界杯,世界杯概念
CDQZL1.XCUQ,大气治理,大气治理概念
CTXW1.XCUQ,碳纤维,碳纤维概念
CCN1.XCUQ,储能,储能概念
CCGL1.XCUQ,草甘膦,草甘膦概念
CZHTC1.XCUQ,智慧停车,智慧停车概念
CJJJ1.XCUQ,京津冀,京津冀概念
CJZJN1.XCUQ,建筑节能,建筑节能概念
CJG1.XCUQ,金改,金改概念
CWXCD1.XCUQ,无线充电,无线充电概念
CSMX1.XCUQ,石墨烯,石墨烯概念
CGXB1.XCUQ,干细胞,干细胞概念
CTBF1.XCUQ,钛白粉,钛白粉概念
CGXDC1.XCUQ,共享单车,共享单车概念
CTRQ1.XCUQ,天然气,天然气概念
CYL1.XCUQ,养老,养老概念
CWLYX1.XCUQ,网络游戏,网络游戏概念
CRY1.XCUQ,乳业,乳业概念
CHG1.XCUQ,混改,混改概念
CZNYL1.XCUQ,智能医疗,智能医疗概念
CXAXQ1.XCUQ,雄安新区,雄安新区概念
CRXDZ1.XCUQ,柔性电子,柔性电子概念
CGDJT1.XCUQ,轨道交通,轨道交通概念
CGY4.01.XCUQ,工业4.0,工业4.0概念
CDG1.XCUQ,电改,电改概念
CTYN1.XCUQ,太阳能,太阳能概念
CDZSW1.XCUQ,电子商务,电子商务概念
C5G1.XCUQ,5G,5G概念
CXNXS1.XCUQ,虚拟现实,虚拟现实概念
CGF1.XCUQ,光伏,光伏概念
CHM1.XCUQ,航母,航母概念
CCD1.XCUQ,超导,超导概念
COLED1.XCUQ,OLED,OLED概念
CCP1.XCUQ,彩票,彩票概念
CSN1.XCUQ,水泥,水泥概念
CCJJJD1.XCUQ,长江经济带,长江经济带概念
CSJYX1.XCUQ,手机游戏,手机游戏概念
CXNY1.XCUQ,新能源,新能源概念
CJQR1.XCUQ,机器人,机器人概念
CSHZMQ1.XCUQ,上海自贸区,上海自贸区概念
CGXQC1.XCUQ,共享汽车,共享汽车概念
CKRB1.XCUQ,可燃冰,可燃冰概念
CHMCS1.XCUQ,海绵城市,海绵城市概念
CPG1.XCUQ,苹果,苹果概念
CGFCL1.XCUQ,固废处理,固废处理概念
CTRXF1.XCUQ,土壤修复,土壤修复概念
CTDLZ1.XCUQ,土地流转,土地流转概念
CZNQC1.XCUQ,智能汽车,智能汽车概念
CJJJYTH1.XCUQ,京津冀一体化,京津冀一体化概念
CMYYY1.XCUQ,民营医院,民营医院概念
CJKZG1.XCUQ,健康中国,健康中国概念
C3DBL1.XCUQ,3D玻璃,3D玻璃概念
CDXGW1.XCUQ,地下管网,地下管网概念
CZNDW1.XCUQ,智能电网,智能电网概念
CZNYX1.XCUQ,智能音箱,智能音箱概念
CHXXA1.XCUQ,海峡西岸,海峡西岸概念
CFSRL1.XCUQ,分散染料,分散染料概念
CRLDC1.XCUQ,燃料电池,燃料电池概念
CDLGG1.XCUQ,电力改革,电力改革概念
CTLJJ1.XCUQ,铁路基建,铁路基建概念
CGCRJ1.XCUQ,国产软件,国产软件概念
CDRN1.XCUQ,地热能,地热能概念
CDZJJ1.XCUQ,电子竞技,电子竞技概念
CLBS1.XCUQ,蓝宝石,蓝宝石概念
CXBKF1.XCUQ,西部开发,西部开发概念
CFDC1.XCUQ,钒电池,钒电池概念
CCMP1.XCUQ,触摸屏,触摸屏概念
CHZYYH1.XCUQ,杭州亚运会,杭州亚运会概念
CWLDSPT1.XCUQ,物流电商平台,物流电商平台概念
CDZFP1.XCUQ,电子发票,电子发票概念
CYM1.XCUQ,疫苗,疫苗概念
CFLX1.XCUQ,富勒烯,富勒烯概念
CJNZM1.XCUQ,节能照明,节能照明概念
CCYTQ1.XCUQ,成渝特区,成渝特区概念
CWXXCX1.XCUQ,微信小程序,微信小程序概念
CHNZMQ1.XCUQ,海南自贸区,海南自贸区概念
CXQZY1.XCUQ,稀缺资源,稀缺资源概念
CDMZMQ1.XCUQ,东盟自贸区,东盟自贸区概念
CBBWZMQ1.XCUQ,北部湾自贸区,北部湾自贸区概念
CSWNY1.XCUQ,生物农药,生物农药概念
CKZY1.XCUQ,壳资源,壳资源概念
CGXJJ1.XCUQ,共享经济,共享经济概念
CXJZX1.XCUQ,新疆振兴,新疆振兴概念
CWQZL1.XCUQ,尾气治理,尾气治理概念
CTZBL1.XCUQ,特种玻璃,特种玻璃概念
CHLWCP1.XCUQ,互联网彩票,互联网彩票概念
CLHG1.XCUQ,磷化工,磷化工概念
CWYC1.XCUQ,网约车,网约车概念
CRZRQ1.XCUQ,融资融券,融资融券概念
CYQGG1.XCUQ,央企改革,央企改革概念
CFD1.XCUQ,风电,风电概念
CXBMYZL1.XCUQ,细胞免疫治疗,细胞免疫治疗概念
CYTJS1.XCUQ,液态金属,液态金属概念
CGSZ1.XCUQ,高送转,高送转概念
CGDZMQ1.XCUQ,广东自贸区,广东自贸区概念
CSAAS1.XCUQ,SAAS,SAAS概念
CSHGZGG1.XCUQ,上海国资改革,上海国资改革概念
CZSCQ1.XCUQ,知识产权,知识产权概念
CGTDC1.XCUQ,固态电池,固态电池概念
CQHS1.XCUQ,青蒿素,青蒿素概念
CLJFD1.XCUQ,垃圾发电,垃圾发电概念
CSSSB1.XCUQ,手势识别,手势识别概念
CNYZ1.XCUQ,能源纸,能源纸概念
CDZZW1.XCUQ,电子政务,电子政务概念
CYYS1.XCUQ,云印刷,云印刷概念
CSHJ1.XCUQ,砷化镓,砷化镓概念
CGCXP1.XCUQ,国产芯片,国产芯片概念
CYLB1.XCUQ,引力波,引力波概念
CZHZMQ1.XCUQ,中韩自贸区,中韩自贸区概念
CYPSJ1.XCUQ,油品升级,油品升级概念
CLZZMQ1.XCUQ,兰州自贸区,兰州自贸区概念
CCGQS1.XCUQ,参股券商,参股券商概念
CCJGT1.XCUQ,超级高铁,超级高铁概念
CZSZMQ1.XCUQ,舟山自贸区,舟山自贸区概念
CRNGC1.XCUQ,人脑工程,人脑工程概念
CXDC1.XCUQ,锌电池,锌电池概念
CXYZP1.XCUQ,血液制品,血液制品概念
C4DDY1.XCUQ,4D打印,4D打印概念
CYQGG1.XCUQ,油气改革,油气改革概念
CZZT1.XCUQ,中字头,中字头概念
CIPOYZG1.XCUQ,IPO影子股,IPO影子股概念
CTSXZ1.XCUQ,特色小镇,特色小镇概念
CMSCI1.XCUQ,MSCI,MSCI概念
CXAZMQ1.XCUQ,西安自贸区,西安自贸区概念
CXAHB1.XCUQ,雄安环保,雄安环保概念
CWZRY1.XCUQ,王者荣耀,王者荣耀概念
CWGZF1.XCUQ,无感支付,无感支付概念
CGQZR1.XCUQ,股权转让,股权转让概念
CQMP1.XCUQ,全面屏,全面屏概念
CJRKJ1.XCUQ,金融科技,金融科技概念
CZPSJZ1.XCUQ,装配式建筑,装配式建筑概念
CWRLS1.XCUQ,无人零售,无人零售概念
CCXG1.XCUQ,次新股,次新股概念
CHZWDWQ1.XCUQ,杭州湾大湾区,杭州湾大湾区概念
CZSTQ1.XCUQ,租售同权,租售同权概念
CYHTL1.XCUQ,盐湖提锂,盐湖提锂概念
CFSK1.XCUQ,富士康,富士康概念
CDJS1.XCUQ,独角兽,独角兽概念
CDD1.XCUQ,大豆,大豆概念
CHN1.XCUQ,海南,海南概念
CFZY1.XCUQ,仿制药,仿制药概念
CZGGHG1.XCUQ,中概股回归,中概股回归概念
CXADC1.XCUQ,雄安地产,雄安地产概念
CXAJJ1.XCUQ,雄安基建,雄安基建概念
CSZGZGG1.XCUQ,深圳国资改革,深圳国资改革概念
CZKYX1.XCUQ,中科院系,中科院系概念
CSZTQ1.XCUQ,送转填权,送转填权概念
CNMG1.XCUQ,内蒙古,内蒙古概念
CGJDZC1.XCUQ,国家队重仓,国家队重仓概念
CXGYCXG1.XCUQ,新股与次新股,新股与次新股概念
CGSZYQ1.XCUQ,高送转预期,高送转预期概念
CYQGW1.XCUQ,油气管网,油气管网概念
CJX1.XCUQ,机械,机械概念
CZYMYG1.XCUQ,自由贸易港,自由贸易港概念
CCXY1.XCUQ,创新药,创新药概念
CDLDCHS1.XCUQ,动力电池回收,动力电池回收概念
CJP1.XCUQ,举牌,举牌概念
CHGT1.XCUQ,沪股通,沪股通概念
CSFXG1.XCUQ,首发新股,首发新股概念
CXZ1.XCUQ,西藏,西藏概念
CWLZB1.XCUQ,网络直播,网络直播概念
CSL1.XCUQ,水利,水利概念
CCJPP1.XCUQ,超级品牌,超级品牌概念
CLTYGG1.XCUQ,两桶油改革,两桶油改革概念
CCG3601.XCUQ,参股360,参股360概念
CBXCY1.XCUQ,冰雪产业,冰雪产业概念
CCXF1.XCUQ,磁悬浮,磁悬浮概念
CXCZX1.XCUQ,乡村振兴,乡村振兴概念
CXJJSBT1.XCUQ,新疆建设兵团,新疆建设兵团概念
CZJCG1.XCUQ,证金持股,证金持股概念
CZZTGP1.XCUQ,中字头股票,中字头股票概念
CDFGZGG1.XCUQ,地方国资改革,地方国资改革概念
CXP1.XCUQ,芯片,芯片概念
CCGBX1.XCUQ,参股保险,参股保险概念
CMY1.XCUQ,马云,马云概念
CSY1.XCUQ,手游,手游概念
CXAJR1.XCUQ,雄安金融,雄安金融概念
CJRIC1.XCUQ,金融IC,金融IC概念
CCGMYYH1.XCUQ,参股民营银行,参股民营银行概念
CDSP1.XCUQ,短视频,短视频概念
CGGX1.XCUQ,高股息,高股息概念
CYQGZGG1.XCUQ,央企国资改革,央企国资改革概念
CSZZG1.XCUQ,数字中国,数字中国概念
CGDGZGG1.XCUQ,广东国资改革,广东国资改革概念
CYJ1.XCUQ,养鸡,养鸡概念
CHNLYD1.XCUQ,海南旅游岛,海南旅游岛概念
CZRQBD1.XCUQ,转融券标的,转融券标的概念
CEWMSB1.XCUQ,二维码识别,二维码识别概念
CCGXSB1.XCUQ,参股新三板,参股新三板概念
CGXX1.XCUQ,高校系,高校系概念
CFACEBOOK1.XCUQ,Facebook,Facebook概念
CBD1.XCUQ,百度,百度概念
CGYDM1.XCUQ,工业大麻,工业大麻概念
CGSY1.XCUQ,高商誉,高商誉概念
CGZYL1.XCUQ,高质押率,高质押率概念
CZSJYTH1.XCUQ,长三角一体化,长三角一体化概念
CGX1.XCUQ,广西,广西概念
CCGQSP1.XCUQ,超高清视频,超高清视频概念
CGD1.XCUQ,广电,广电概念
CGZRG1.XCUQ,国资入股,国资入股概念
CSZLS1.XCUQ,数字孪生,数字孪生概念
CXJJ1.XCUQ,新基建,新基建概念
CWLQP1.XCUQ,网络切片,网络切片概念
CHWHS1.XCUQ,华为海思,华为海思概念
CGGZC1.XCUQ,高管增持,高管增持概念
CCYBKG1.XCUQ,创业板壳股,创业板壳股概念
CHWQC1.XCUQ,华为汽车,华为汽车概念
CGKJ1.XCUQ,光刻机,光刻机概念
CCDTYEFZ1.XCUQ,草地贪夜蛾防治,草地贪夜蛾防治概念
CTMGC1.XCUQ,透明工厂,透明工厂概念
CHT1.XCUQ,航天,航天概念
CLJFL1.XCUQ,垃圾分类,垃圾分类概念
CJGS（X）1.XCUQ,金刚石（线）,金刚石（线）概念
CFCSSYQ1.XCUQ,分拆上市预期,分拆上市预期概念
CHLJZMQ1.XCUQ,黑龙江自贸区,黑龙江自贸区概念
CHBZMQ1.XCUQ,河北自贸区,河北自贸区概念
CCZZL1.XCUQ,超载治理,超载治理概念
CZHZW1.XCUQ,智慧政务,智慧政务概念
CHWHM1.XCUQ,华为鸿蒙,华为鸿蒙概念
CTYJC1.XCUQ,胎压监测,胎压监测概念
CYYX1.XCUQ,云游戏,云游戏概念
CYCBG1.XCUQ,远程办公,远程办公概念
CYZJDCHIT1.XCUQ,异质结电池HIT,异质结电池HIT概念
CLG/KZ1.XCUQ,流感/口罩,流感/口罩概念
CZSFF1.XCUQ,知识付费,知识付费概念
CCYCSQ1.XCUQ,成渝城市群,成渝城市群概念
CCHFZ1.XCUQ,虫害防治,虫害防治概念
CHWYKP1.XCUQ,华为云鲲鹏,华为云鲲鹏概念
CWGDC1.XCUQ,无钴电池,无钴电池概念
CXXGZBDFY1.XCUQ,新型冠状病毒肺炎,新型冠状病毒肺炎概念
CC2M1.XCUQ,C2M,C2M概念
CETC1.XCUQ,etc,etc概念
CJYXXH1.XCUQ,教育信息化,教育信息化概念
CTOFJT1.XCUQ,TOF镜头,TOF镜头概念
CRF1.XCUQ,乳粉,乳粉概念
CHPX1.XCUQ,厚朴系,厚朴系概念
CWHBDG1.XCUQ,武汉本地股,武汉本地股概念
C5GXX/RCS1.XCUQ,5G消息/RCS,5G消息/RCS概念
CAJS1.XCUQ,澳交所,澳交所概念
CHITDC1.XCUQ,HIT电池,HIT电池概念
CFKCCXG1.XCUQ,非科创次新股,非科创次新股概念
CTW1.XCUQ,台湾,台湾概念
CAECHM1.XCUQ,阿尔茨海默,阿尔茨海默概念
CBPDQSAG1.XCUQ,标普道琼斯A股,标普道琼斯A股概念
CCJZJ1.XCUQ,超级真菌,超级真菌概念
CHWHMS1.XCUQ,华为HMS,华为HMS概念
CRMT1.XCUQ,融媒体,融媒体概念
CHXJ1.XCUQ,呼吸机,呼吸机概念
CWZQSYZG1.XCUQ,外资券商影子股,外资券商影子股概念
CDWYM1.XCUQ,动物疫苗,动物疫苗概念
CYXB1.XCUQ,银屑病,银屑病概念
CGKJ1.XCUQ,光刻胶,光刻胶概念
CRCSFMTTX1.XCUQ,RCS富媒体通信,RCS富媒体通信概念
CFHF1.XCUQ,防护服,防护服概念
CGTM1.XCUQ,郭台铭,郭台铭概念
CJS1.XCUQ,甲酸,甲酸概念
CYBG1.XCUQ,云办公,云办公概念
CHWJ1.XCUQ,寒武纪,寒武纪概念
CFCSSYY1.XCUQ,分拆上市意愿,分拆上市意愿概念
CHZ1.XCUQ,红枣,红枣概念
CXDJ1.XCUQ,消毒剂,消毒剂概念
CMMAQGL1.XCUQ,密码安全管理,密码安全管理概念
CCYBCZSB1.XCUQ,创业板重组松绑,创业板重组松绑概念
CWH1.XCUQ,网红,网红概念
CBNBYZ1.XCUQ,半年报预增,半年报预增概念
CXGJC1.XCUQ,新冠检测,新冠检测概念
CYJSSJZX1.XCUQ,云计算数据中心,云计算数据中心概念
CWXHLW1.XCUQ,卫星互联网,卫星互联网概念
CSJBYZ1.XCUQ,三季报预增,三季报预增概念
CFZYYZXPJ1.XCUQ,仿制药一致性评价,仿制药一致性评价概念
CZJTZ301.XCUQ,浙江投资30,浙江投资30概念
CSZXCNCDS1.XCUQ,数字乡村农村电商,数字乡村农村电商概念
CDJJEQ1.XCUQ,大基金二期,大基金二期概念
CHB1.XCUQ,湖北,湖北概念
CREITS1.XCUQ,REITs,REITs概念
CXSBJXC1.XCUQ,新三板精选层,新三板精选层概念
CZHLD1.XCUQ,智慧路灯,智慧路灯概念
CZXGJ1.XCUQ,中芯国际,中芯国际概念
CXBDKF1.XCUQ,西部大开发,西部大开发概念
CTK1.XCUQ,头盔,头盔概念
CEDASJRJ1.XCUQ,EDA设计软件,EDA设计软件概念
CSWAQ1.XCUQ,生物安全,生物安全概念
CZJTD1.XCUQ,字节跳动,字节跳动概念
CWXEJ1.XCUQ,无线耳机,无线耳机概念
CMSD1.XCUQ,免税店,免税店概念
CWJ1.XCUQ,玩具,玩具概念
CDTJJ1.XCUQ,地摊经济,地摊经济概念
CBJBDN1.XCUQ,笔记本电脑,笔记本电脑概念
CGLPFBZ1.XCUQ,国六排放标准,国六排放标准概念
CWIFI1.XCUQ,wifi,wifi概念
CXGBDFZ1.XCUQ,新冠病毒防治,新冠病毒防治概念
CCGSBJXC1.XCUQ,参股三板精选层,参股三板精选层概念
CAQY1.XCUQ,爱奇艺,爱奇艺概念
CXGYM1.XCUQ,新冠疫苗,新冠疫苗概念
CPDD1.XCUQ,拼多多,拼多多概念
CMH1.XCUQ,盲盒,盲盒概念
CFCJJ1.XCUQ,房产经纪,房产经纪概念
CCSYNMN1.XCUQ,长寿药NMN,长寿药NMN概念
CQX1.XCUQ,全息,全息概念
CTWJ/DT1.XCUQ,甜味剂/代糖,甜味剂/代糖概念
CLXQC1.XCUQ,理想汽车,理想汽车概念
CLLC1.XCUQ,两轮车,两轮车概念
CHD1.XCUQ,换电,换电概念
CYJCY1.XCUQ,应急产业,应急产业概念
CQCCJ1.XCUQ,汽车拆解,汽车拆解概念
CCAR-TLF1.XCUQ,CAR-T疗法,CAR-T疗法概念
CHQ1.XCUQ,氦气,氦气概念
CFZSZ1.XCUQ,辅助生殖,辅助生殖概念
CDSDBDT1.XCUQ,第三代半导体,第三代半导体概念
CMYJT1.XCUQ,蚂蚁集团,蚂蚁集团概念
CLCD1.XCUQ,lcd,lcd概念
CKS1.XCUQ,快手,快手概念
CCQZBCG1.XCUQ,成泉资本持股,成泉资本持股概念
CSYJZ1.XCUQ,商誉减值,商誉减值概念