market_type,assets_id,assets_short_cn_name,assets_full_cn_name,party_short_cn_name,party_short_en_name,party_full_cn_name,party_full_en_name,party_url,description,location,founding_time,listing_time,section_tags,stakeholders
A股,000001.XSHE,平安银行,平安银行股份有限公司,平安银行,PAB,平安银行股份有限公司,"Ping An Bank Co., Ltd.",http://bank.pingan.com,"平安银行是一家总部设在深圳的全国性股份制商业银行（深圳证券交易所：000001）。其前身深圳发展银行，是中国内地首家公开上市的全国性股份制银行。中国平安保险集团及其控股子公司合计持有本行58%的股份，为本行控股股东。截至2017年末，在职员工32,502人，通过全国73家分行、1073家营业机构为客户提供多种金融服务。",中国广东省深圳市深南东路5047号;中国广东省深圳市福田区益田路5023号平安金融中心B座,1987-12-22,1991-04-03,银行,
A股,000002.XSHE,万科A,万科企业股份有限公司,万科,VANKE,万科企业股份有限公司,"China Vanke Co., Ltd.",www.vanke.com,万科企业股份有限公司成立于1984年，经过三十余年的发展，已成为国内领先的城乡建设与生活服务商，公司业务聚焦全国经济最具活力的三大经济圈及中西部重点城市。2016年公司首次跻身《财富》“世界500强”，位列榜单第356位，2017年、2018年接连上榜，分别位列榜单第307位、第332位。2014年万科第四个十年发展规划，已经把“三好住宅供应商”的定位延展为“城市配套服务商”。2018年万科将这一定位进一步迭代升级为“城乡建设与生活服务商”，并具体细化为四个角色：美好生活场景师，实体经济生力军，创新探索试验田，和谐生态建设者。2017年，深圳地铁集团成为本集团第一大股东，始终支持万科的混合所有制结构，支持万科城市配套服务商战略和事业合伙人机制，支持万科管理团队按照既定战略目标，实施运营和管理，支持深化“轨道+物业”发展模式。万科始终坚持为普通人提供好产品、好服务，通过自身的努力，为满足人民对美好生活的各方面需求，做出力所能及的贡献。公司核心业务包括住宅开发、物业服务、租赁住宅；在住房领域，公司始终坚持住房的居住属性，坚持“为普通人盖好房子，盖有人用的房子”。2018年，公司将自身定位进一步迭代升级为“城乡建设与生活服务商”，所搭建的生态体系已初具规模，在巩固住宅开发和物业服务固有优势的基础上，业务已延伸至商业开发和运营、物流仓储服务、租赁住宅、产业城镇、冰雪度假、养老、教育等领域，为更好的服务人民美好生活需要、实现可持续发展奠定了良好基础。未来，公司将始终坚持“大道当然，合伙奋斗”，以“人民的美好生活需要”为中心，以现金流为基础，深入践行“城乡建设与生活服务商”战略，持续创造真实价值，力争成为无愧于伟大新时代的好企业。,广东省深圳市盐田区大梅沙环梅路33号万科中心,1984-05-30,1991-01-29,房地产开发,
A股,000003.XSHE,PT金田A,金田实业(集团)股份有限公司,金田实业,nan,金田实业(集团)股份有限公司,"Gintian Industry (Group) Co.,Ltd.",nan,深圳市金田实业股份有限公司成立于1988年2月8日，其前身为成立于1982年的深圳市纺织工业供销公司，1989年经批准公开发售A股，1991年7月3日在深圳证券交易所上市，上市首日收盘于7.1元。1993年5月，发行B股并在深圳证券交易所上市。1994年12月2日公司更名为金田实业(集团)股份有限公司。2000年5月9日因最近两个会计年度的审计结果显示的净利润均为负值，且最近一个会计年度每股净资产低于股票面值，公司股票被ST处理。2001年5月9日因最近三年连续亏损，公司股票被暂停上市。2001年5月11日公司被取消ST，实施PT。2002年6月14日公司的恢复上市申请未被深交所接受，公司股票退市转入三板。,"广东省深圳市罗湖区嘉宾路2018号深华商业大厦19楼1909室,广东省深圳市盐田综合保税区金马创新产业园B栋九层",1988-03-10,1991-07-03,综合,
A股,000004.XSHE,国农科技,深圳中国农大科技股份有限公司,国农科技,CAU-TECH,深圳中国农大科技股份有限公司,"Shenzhen Cau Technology Co.,Ltd.",www.sz000004.cn,"深圳中国农大科技股份有限公司是一家以生物医药和房地产为主营业务的上市公司，旗下子公司包括山东北大高科华泰制药有限公司和江苏国农置业有限公司等。山东北大高科华泰制药有限公司主要负责生物医药业务，包括注射用克林霉素磷酸酯、注射用三磷酸腺苷二钠氯化镁、注射用二氯醋酸二异丙胺、注射用环磷腺苷葡胺、注射用三磷酸胞苷二钠、注射用尿激酶等产品的研发和销售。江苏国农置业有限公司主要负责房地产业务，包括房地产开发和销售、房屋的物业管理等。本公司前身是原招商局蛇口工业区汽车运输公司。1990年成立股份有限公司以后，于1991年1月14日在深圳证券交易所挂牌上市，1992年本公司名称由蛇口安达运输股份有限公司变更为深圳市蛇口安达实业股份有限公司，主营业务为汽车货运、旅客运输、兼营汽车修理、零售汽车配件。2001年公司主营业务变为生物特征识别系统、生物制药的研发与销售，2005年增加房地产开发和销售，2006年至今为生物制药的研发与销售、房地产开发和销售。本公司共发行股份83,976,684股，2000年前第一大股东为招商局蛇口工业区有限公司，其后将其所持本公司股份转让给深圳市北大高科技投资有限公司，本公司名称变为深圳市北大高科技股份有限公司。2005年，控股股东深圳市北大高科技投资有限公司更名为深圳市中农大科技投资有限公司，本公司也更名为深圳中国农大科技股份有限公司。目前，深圳市中农大科技投资有限公司持有本公司28.42%的股份，仍为本公司第一大股东。",广东省深圳市福田区梅林路卓越梅林中心广场（南区）B座2206A,1986-05-05,1991-01-14,化学制剂,
A股,000005.XSHE,世纪星源,深圳世纪星源股份有限公司,世纪星源,FOUNTAIN,深圳世纪星源股份有限公司,Shenzhen Fountain Corporation,www.fountain.com.cn,深圳世纪星源股份有限公司是经深圳市政府批准于1990年成立并在深圳证券交易所上市的中外合资股份制企业，是中国最早上市的公司之一。公司股票交易代码为000005，总股本为10.59亿股。　　公司自2008年起实施了可持续的绿色低碳跨越发展战略，将企业的发展和社会责任相结合，逐渐将绿色低碳的相关业务作为培育公司新的核心竞争力的主要发展方向。公司的绿色低碳跨越发展战略逐渐影响着公司的业务的各个层面，已深入到各项经营业务，业务团队的建设将成为绿色低碳城市社区建设的先行者，致力于形成以可持续发展为主旨的公司文化。,深圳市罗湖区深南东路2017号华乐大厦3楼,1989-05-08,1990-12-10,环保工程及服务,
A股,000006.XSHE,深振业A,深圳市振业(集团)股份有限公司,深振业、振业集团,Shenzhen Zhenye Group,深圳市振业(集团)股份有限公司,"Shenzhen Zhenye(Group) Co.,Ltd.",www.zhenye.com,深圳市振业（集团）股份有限公司是深圳市国资委直管的国有控股上市公司，成立于1989年5月，1992年在深圳证券交易所公开上市，股票代码000006，主营业务为房地产开发经营，具备住房和城乡建设部颁发的房地产开发企业一级资质。按照“立足深圳，布局全国”的发展思路，积极拓展业务，目前已基本形成了以深圳及周边为中心，以广州、天津、西安、长沙、南宁等城市为重点，并向周围辐射的全国性战略布局，历年来开发项目有振业花园、振业大厦、星海名城、翠海花园、振业城、峦山谷、振业国际商务中心、惠阳振业城、西安振业·泊墅、南宁振业·青秀山1号、天津振业·城中央、长沙振业城、锦荟park、广州天颂花园等近30个，累计开发面积超过500万平方米。,广东省深圳市南山区科技南路16号深圳湾科技生态园11栋A座42-43层,1985-05-25,1992-04-27,焦炭加工,
A股,000007.XSHE,全新好,深圳市全新好股份有限公司,全新好,QUANXINHAO,深圳市全新好股份有限公司,"Shenzhen Quanxinhao Co.,Ltd",www.sz000007.com,"深圳市全新好股份有限公司（原称“深圳市赛格达声股份有限公司”及“深圳市零七股份有限公司”；证券简称：全新好；证券代码：000007；法定英文名称：ShenZhen QuanXinHao Co.,Ltd. ）成立于1983年3月11日， 1992年4月13日公司成功在深交所挂牌上市，成为中国资本市场首批上市公众公司, 在驰骋资本市场的三十多年里，公司伴随中国资本市场的发展壮大，经历了市场经济数十年的洗礼和锤炼，从最初的电子加工业到房地产开发，从酒店旅游业到矿产资源开发，虽然公司在过去的转型过程中，也遇到过一些困难和错折，然而公司上下始终坚定在发展中解决问题的理念，经过股东和管理层的不懈努力，公司过去的历史遗留问题已经得到彻底解决，并在新一轮的经营转型当中，沿着公司战略目标向前发展，尤其是近年以来正在通过多轮资产重组，全面转型向信息技术服务业等现代新兴产业发展，企业价值已逐步显现，并得到投资者广泛认可，目前公司总市值已接近55亿元。",广东省深圳市福田区梅林街道梅康路8号理想时代大厦6楼,1983-03-11,1992-04-13,其他稀有小金属,
A股,000008.XSHE,神州高铁,神州高铁技术股份有限公司,神州高铁,CHSR,神州高铁技术股份有限公司,"China High Speed Railway Technology Co., Ltd.",www.shenzhou-gaotie.com,神州高铁的前身是北京新联铁集团股份有限公司，创建于1997年，2014年重组上市（000008）后更名为神州高铁技术股份有限公司，简称神州高铁。控股股东为中国国投高新产业投资有限公司。多年来，在自身发展的基础上，通过并购线路、信号、供电、站场等多家创办20余年的公司，共同组成了轨道交通运营检修维护装备领域唯一的一家涵盖全产业链的主板上市公司，员工人数约2700人，是中国高铁及城轨运营检修维护装备制造产业的领军供应商。公司拥有核心产品400余项，其中26项处于国内、国际领先地位，多项核心技术填补了国际空白。近年来，公司通过运营维护智能装备、大数据系统研发，致力于轨道交通云运营及智能检修维护体系的搭建和复制推广。,北京市海淀区高梁桥斜街59号院1号楼中坤大厦16层,1989-10-11,1992-05-07,稀土,
A股,000009.XSHE,中国宝安,中国宝安集团股份有限公司,中国宝安集团,CBG,中国宝安集团股份有限公司,"China Baoan Group Co.,Ltd.",www.chinabaoan.com,"中国宝安集团股份有限公司(以下简称中国宝安集团)成立于1983年7月，是新中国第一批上市公司（股票代码：000009，股票简称：中国宝安）。在资本市场上曾连创成立新中国第一家股份制企业，发行新中国第一张股票、第一张可转换债券、第一张中长期认股权证等九项新中国第一。经过三十多年的发展，作为广东省和深圳市重点发展的大型企业集团之一，中国宝安在产业经营与资本经营领域均取得了非凡的业绩，目前形成了以高科技产业为主导，以股权投资、生物科技、城市运营开发等为辅的产业集群，拥有A股中国宝安（000009.SZ）、马应龙(600993.SH），H股国际精密（0929.HK）,新三板贝特瑞（835185.OC）、大地和（831385.OC）、友诚科技（873087.OC）、大佛药业（836649.OC）、成都绿金（870415.OC）等多家上市公司，以及二十多家全资、控股企业。",广东省深圳市笋岗东路1002号宝安广场A座28-29层,1990-10-08,1991-06-25,房地产开发,
A股,000010.XSHE,美丽生态,深圳美丽生态股份有限公司,美丽生态,ECOBEAUTY,深圳美丽生态股份有限公司,"Shenzhen Ecobeauty Co.,Ltd.",http://www.eco-beauty.cn,公司是中国最早的上市公司之一，公司主营业务为园林绿化。公司于20130717成功完成股权分置改革，注入了宁波市风景园林设计研究院有限公司、浙江青草地园林市政建设发展有限公司、海南苗木等优质资产，为公司成功快速实现业务转型和主营业务定位，获得独立自主开展园林业务所需的完整生产经营优质资产和现金流，公司资质可比肩国内一线企业，综合竞争显著，为公司可持续发展打下了坚实基础。,广东省深圳市宝安中心区宝兴路6号海纳百川总部大厦B座1701-1703室,1989-01-09,1995-10-27,园林工程,
A股,000011.XSHE,深物业A,深圳市物业发展(集团)股份有限公司,深物业集团,SZPRD,深圳市物业发展(集团)股份有限公司,Shenzhen Properties & Resources Development (Group) Ltd.,www.szwuye.com.cn,"深圳市物业发展(集团)股份有限公司成立于1982年11月,总承包建设的深圳国际贸易中心大厦,成为“深圳速度的体现,改革开放的象征”。1992年3月,公司正式在深圳证券交易所挂牌交易(证券代码000011)。公司现股本总额为5.96亿股,其中A股5.28亿股,B股0.68亿股。公司开发建设的房地产项目以其卓越的品质和专业化的服务赢得社会的广泛赞誉。曾荣获“中国国有企业500强”第170名、“中国房地产综合效益百强企业”第2名、首次“中国股票上市公司综合实力百强企业”评比第23名、2010中国地产上市公司综合实力50强、2011深莞惠地产最具影响力品牌、2012年—2013年(连续两年)中国房地产上市公司百强企业称号、2011年—2015年(连续五年)中国房地产开发企业500强称号等诸多荣誉。",广东省深圳市罗湖区人民南路国贸大厦 16 层、20 层、39 层、42 层,1983-01-17,1992-03-30,房地产开发,
A股,000012.XSHE,南玻A,中国南玻集团股份有限公司,南玻集团,CSG,中国南玻集团股份有限公司,"CSG Holding Co.,Ltd.",www.csgholding.com,"中国南玻集团股份有限公司成立于1984年,总部设在深圳蛇口,位于广东省前海-蛇口国家自贸区内。公司1992年在深圳证券交易所上市,是中国早期的上市公司之一。南玻集团所持有的“南玻”和“SG”商标均是“中国驰名商标”,南玻集团是中国玻璃行业为数不多持有两件驰名商标的大型集团企业。",广东省深圳市蛇口工业六路一号南玻大厦,1984-09-10,1992-02-28,玻璃制造,
A股,000013.XSHE,*ST石化A,深圳石化工业集团股份有限公司,深圳石化,SPEC,深圳石化工业集团股份有限公司,"Shenzhen Petrochemical Industry (Group) Co., Ltd.",nan,"公司根据国家股份有限公司条例的规定，经深圳市人民政府批准，由原深圳市石油化工(集团)公司改组为股份有限公司，并经中国人民银行深圳经济特区分行批准，发行普通股票(A股及B股),于1992年5月6日在深圳证券交易所上市。2004年9月20日，公司股票被深圳证券交易所终止上市交易。2004年11月26日，依照中国证监会和中国证券业协会的有关规定，公司的股票开始在代办股份转让系统上进行交易。",广东省深圳市深南中路2201号嘉麟豪庭B座1701,1988-09-20,1992-05-06,其他塑料制品,
A股,000014.XSHE,沙河股份,沙河实业股份有限公司,沙河股份,SHAHE INDUSTRY,沙河实业股份有限公司,"Shahe Industrial Co.,Ltd.",www.shahe.cn,公司主要从事房地产开发以及配套工程开发建设、新型建材的生产与建设、物业租赁与管理、物资供销、国内外商业、及投资兴办实业等。公司已成功开发出荔园新村、祥祺花园、鹿鸣园、宝瑞轩、世纪村、世纪假日广场等多个住宅、商务项目。其中，世纪村通过国家建设部“3A”性能住宅认定，荣获“全国人居优秀推荐楼盘”称号。公司以深圳为依托，积极寻求对外扩张，并在湖南长沙、河南新乡等地开发新项目。公司拥有丰富的土地储备，曾在全国率先实行住宅质量保证书和住宅使用说明制度。连续多年被深圳权威资信机构评为“AAA”级信誉企业和深圳市守法纳税大户，曾获深圳市“文明企业”等多种殊荣。公司着力实施名牌精品战略，致力于全方位开拓和多元化发展，企业资产质量和盈利水平得以迅速提升，进而为社会提供更多优质产品服务和高额投资回报，确保了公司的可持续发展。,广东省深圳市南山区白石路2222号沙河世纪楼,1987-07-27,1992-06-02,房地产开发,
A股,000015.XSHE,PT中浩A,深圳中浩(集团)股份有限公司,中浩,nan,深圳中浩(集团)股份有限公司,Shenzhen Zhonghao(Group)Company Limited,http://www.szzhgroup.com/,深圳中浩(集团)股份有限公司原于1988年4月8日由中国食品工业技术开发总公司发起成立，1991年经深圳市人民政府(1991)992号文批准、于1991年12月3日重组成为股份有限公司，1992年6月25日，公司股票(A股、B股)在深圳证券交易所挂牌交易。2001年10月22日根据中国证券监督管理委员会证监公司字[2001]99号《关于深圳中浩(集团)股份有限公司股票终止上市的决定》文件规定，公司终止上市。经营范围：电子产品、通讯设备、家电电器、家俱、音箱、纸张、纸制品、日用化学品、鞋帽服装；国内商业、物资供销业(不含专营专卖和专控商品)；从事自己开发建设项目的监理业务。,广东省深圳市南山区文心三路九号中州控股中心B座2306,1988-04-08,1992-06-25,综合,
A股,000016.XSHE,深康佳A,康佳集团股份有限公司,康佳集团,KONKA GROUP,康佳集团股份有限公司,"Konka Group Co.,Ltd",www.konka.com,"康佳集团股份有限公司,全称为康佳集团股份有限公司,成立于1980年5月21日,前身是“广东光明华侨电子工业公司”,是中国改革开放后诞生的中外合资电子企业。在华侨城集团跨越式发展战略的引领下,康佳已进入了全新的战略发展期。当前的康佳,正按照“科技+产业+城镇化”的发展方向和“硬件+软件、终端+用户、科技+投控”的发展模式,以消费电子业务为基础,以“科技+投控”复合能力为支撑,向战略性新兴产业升级、向产业地产业务拓展、向互联网及供应链服务业务延伸,形成科技园区业务群、产业产品业务群、平台服务业务群和投资金融业务群四大业务群协同发展的全新局面。",广东省深圳市南山区粤海街道科技园科技南十二路28号康佳研发大厦15-24层,1980-10-01,1992-03-27,彩电,
A股,000017.XSHE,*ST中华A,深圳中华自行车(集团)股份有限公司,深中华,CBC,深圳中华自行车(集团)股份有限公司,Shenzhen China Bicycle Company (Holdings) Limited,www.cbc.com.cn,"深圳中华自行车(集团)股份有限公司从事的主要业务为自行车业务,包括生产、装配、采购、销售自行车及电动自行车等。坚持传统业务模式发展为主,优化调整产品结构和销售模式转型,按照业务团队电商化转型和内引外联成本可控方式,积极拓展电商业务模式;推进公司重组方遴选工作,并启动运动体验线上线下销售平台及研发中心建设项目前期业务升级衔接工作等。",广东省深圳市福田区八卦路31号众鑫科技大厦501室,1984-08-24,1992-03-31,其他交运设备,
A股,000018.XSHE,神城A退,神州长城股份有限公司,神州长城,Sino Great Wall,神州长城股份有限公司,"Sino Great Wall Co., Ltd.",www.sgwde.com,"神州长城股份有限公司成立于1984年,是中国深交所主板上市公司(股票代码:000018),注册资本16.98亿人民币。公司主要在国内外从事工程投资、医疗投资业务。投资领域涵盖房屋建筑、道路桥梁、能源化工、健康医疗等,是国内领先的建筑工程领域投建一体化企业。具有大型工程PM、EPC、BT、BOT、PPP等领先的综合承包能力。",北京市经济技术开发区锦绣街3号神州长城大厦,1984-04-27,1992-06-16,装修装饰,
A股,000019.XSHE,深粮控股,深圳市深粮控股股份有限公司,深粮控股,SBSY,深圳市深粮控股股份有限公司,"SHENZHEN CEREALS HOLDINGS CO.,LTD.",www.slkg1949.com,"深圳市深宝实业股份有限公司成立于1975年,前身为宝安县罐头厂。公司于1991年12月改制为股份有限公司,并于1992年10月在深圳证券交易所主板上市。是中国食品饮料行业上市公司。公司基本实现了全产业链的整合布局,建立了从茶叶种植、初/精制、茶提取、精品茶销售、茶文化体验、电子商务、茶叶交易服务平台、茶供应链金融等较为完善的茶产业链体系,旗下拥有深宝技术中心和云南普洱茶交易中心两个产业型服务平台,深宝华城和婺源聚芳永两个国家级高新技术企业,并形成了聚芳永、武夷山深宝岩茶两个终端精品茶品牌以及iTealife和Teabank两个时尚茶体验空间。公司在核心技术研发、市场网络建设、产业链运营和人才聚集等方面积累相当扎实的基础和丰富的经验,是国内目前为数不多的以茶产业为核心业务的国有控股主板上市公司,属省市两级农业产业化领先企业。",广东省深圳市福田区福虹路9号世贸广场A座13楼,1981-07-30,1992-10-12,软饮料,
A股,000020.XSHE,深华发A,深圳中恒华发股份有限公司,深华发,HUAFA,深圳中恒华发股份有限公司,"Shenzhen Zhongheng Huafa Co.,Ltd.",www.hwafa.com.cn,"深圳中恒华发股份有限公司(以下简称“公司”)的前身是深圳华发电子股份有限公司,成立于1981年,由深圳市赛格集团有限公司、中国振华电子集团有限公司、香港陆氏实业有限公司三家法人发起设。作为深圳证券交易所最早期上市的公司之一,公司有着辉煌的历史,曾连续11年进入中国电子百强企业排名,是全国外商投资双优企业。2005年6月,武汉中恒新科技产业集团有限公司为使其工业形成产业链互补效应,斥巨资接手公司,受让了公司原第一、第二大股东深圳市赛格集团有限公司和中国振华电子集团有限公司持有的41.14%本公司股权,股权过户手续于2007年4月完成。2007年9月,公司正式更名为“深圳中恒华发股份有限公司”。截至目前,公司的总股本为283,161,227股,其中,人民币普通股(A股)181,165,391股,占公司股份总数63.98%;境内上市外资股(B股)为101,995,836股,占公司股份总数36.02%。经营业务主要分为四大模块——液晶显示器整机业务、注塑件生产业务、保丽龙(轻型材料包装)生产业务、物业租赁业务,其中:在武汉经济技术开发区内拥有三间大型工厂,占地近9万平方米,国内多家知名大型生产企业云集周边,基于加工配套服务业的辐射半径要求,客户资源优质稳定,已形成良好的长期合作关系,尤其注塑业务与保丽龙业务迄今经营将近10年,年产能力及规模居华中地区前列;在深圳市福田区华强北商圈及光明新区公明街道均拥有数万平方米的大型物业,每年物业租赁收入可观。此外,公司位于深圳地区的所有工业用地均被纳入2010年深圳市城市更新单元规划制定计划第一批计划,未来自有土地资源的开发与经营将成为公司循序渐进式的长期稳定的收入来源和新的利润增长点。",深圳市福田区华发北路411栋华发大厦东座6楼,1981-12-08,1992-04-28,元件,
A股,000021.XSHE,深科技,深圳长城开发科技股份有限公司,深科技,KAIFA,深圳长城开发科技股份有限公司,"Shenzhen Kaifa Technology Co., Ltd.",www.kaifa.cn,深圳长城开发科技股份有限公司（证券简称：深科技证券代码：000021）为全球客户提供技术研发、工艺设计、生产控制、采购管理、物流支持等全产业链服务。1994年在深交所上市，是中国电子核心企业之一，是中国500强、深圳市工业百强企业。深科技成立于1985年，拥有30多年丰富的产品生产制造经验，1.5万平方米10000级到100级的净化车间，150多条SMT生产线。公司总部位于中国深圳，拥有深圳、苏州、惠州、东莞、成都、重庆、桂林、马来西亚、泰国、菲律宾等十个研发制造基地，总面积超过49万平方米。同时公司在美国、英国、荷兰、印度、新加坡、香港等十多个国家或地区设有分支机构或拥有研发团队，现有员工约2.5万人。深科技致力于提供计算机与存储、通讯与消费电子、半导体、医疗器械、汽车电子、商业与工业产品的制造服务和自动化设备、计量系统及物联网系统的研发生产服务。深圳彩田园区是深圳政府授予的特色存储产业园，是中国先进的通讯电子产品制造企业之一，为全球多家一线品牌提供技术制造服务，年产智能手机5000万台；是中国知名的智能电表及控制系统出口企业，累积出口高端智能电表到欧洲、南亚和东南亚等地4400万台；是中国知名的半导体存储模组制造企业，年产3000万片；是中国先进的DRAM/flash封装测试企业，月产能4500万颗。深科技是国家高新技术企业，拥有中国国家认可委员会（CNAS）认可的专业实验室，具备优秀的可靠性、材料分析、先进机械、热仿真、表面贴装（SMT）、以及静电防护等工程技术能力，被认定为广东省工程技术中心和深圳市公共技术平台。,广东省深圳市福田区彩田路7006号,1985-07-04,1994-02-02,电子系统组装,
A股,000022.XSHE,深赤湾A,招商局港口集团股份有限公司,招商港口,CMPort,招商局港口集团股份有限公司,"China Merchants Port Group Co., Ltd.",www.cmp1872.com,"招商局港口集团股份有限公司主要从事集装箱、散杂货码头及港口配套业务的开发建设和经营管理,公司旗下拥有华南地区重要的进出口港口区一一赤湾港区及与之配套的港口服务企业。赤湾港区码头建设始于1982年,1993年经股份制改造后,整合组建成深圳赤湾港航股份有限公司,并在深交所挂牌上市。凭借其得天独厚的地理位晋,稳健而务实的经营理念,独具特色的管理模式,优秀的管理团队和丰厚的投资回拫,深赤湾从上市伊始即受广大境内外投资者的青睐。1996年顺利通过了IS09002国际认证,成为国内言家获此认证的港口企业。",广东省深圳市南山区招商街道工业三路一号招商局港口大厦23-25楼,1990-07-19,1993-05-05,港口,
A股,000023.XSHE,深天地A,深圳市天地(集团)股份有限公司,深天地,UNIVERSE,深圳市天地(集团)股份有限公司,"Shenzhen Universe (Group) Co.,Ltd",www.sztiandi.com,"深圳市天地（集团）股份有限公司（股票代码：000023）创建于1981年，其前身为深圳市建筑工业公司。公司从1991年6月开始实行股份制改造，1993年2月向社会公开发行了总股本7,600万股（其中社会公众股2,300万股，内部职工股230万股）的普通股股票，并于同年4月29日在深圳证券交易所上市交易。公司是全国第一家以商品混凝土为主业的上市公司，也是深圳市最早从事商品混凝土生产的专业公司。经过多年发展，公司形成了以商品混凝土为主业，房地产开发为支柱产业、物业管理为辅业的产业结构，业务已扩展至湖南、陕西、江苏等地。公司的混凝土产业具有国家最高生产资质，在深圳和湖南均建有专业商品混凝土生产基地，可生产各种强度等级的普通混凝土和抗渗、抗折、缓凝、早强、耐腐蚀等特种混凝土以及预拌砂浆，其中在预拌砂浆技术方面位居领先地位。公司具有雄厚的技术力量和强大的生产能力，可满足各类工程的不同需求，长期以来，为深圳许多重点工程、地标建筑提供了大量优质商品混凝土，产品已覆盖整个深圳市，进入湖南株洲市场后，为当地的重点和样板工程提供了优质混凝土。市场占有率稳居深圳前列，居于株洲地区龙头。房地产作为公司的支柱产业，也取得了丰硕成果。深圳早期大型住宅小区松园南小区、天地大厦、东门商业旺地方海商苑、侨城北天地峰景园等项目引人瞩目。公司地产的异地开发也获得巨大成功，2009年，地标性综合建筑“天地时代广场”在西安落成。西安“天地时代广场”项目荣获“2010中国建筑业低碳行动十大标志工程”荣誉称号；住宅楼荣获“2010年度陕西省建设工程长安杯奖（省优质工程）”；在创建中国建筑最高奖项“鲁班奖”评分中，综合评分名列第三。公司管理的物业也屡次荣获国家、省、市物业管理优秀大厦、安全文明先进小区、标兵小区称号。",广东省深圳市南山区高新技术产业园(北区)朗山路东物商业大楼10楼,1984-11-16,1993-04-29,其他建材,
A股,000024.XSHE,招商地产,招商局地产控股股份有限公司,招商地产,nan,招商局地产控股股份有限公司,"China Merchants Property Development Co.,Ltd.",www.cmpd.cn,"招商局地产控股股份有限公司原名“招商局蛇口控股股份有限公司”,系由招商局蛇口工业区有限公司在原蛇口招商港务有限公司基础上改组设立的中外合资股份有限公司,于1990年9月在中国深圳成立。1993年2月,经深圳市人民政府深府办复(1993)358号文批准,本公司以募集设立方式向境内公开发行A股股票27,000,000股、向境外公开发行B股股票50,000,000股,发行后本公司股份总额达到210,000,000股。本公司发行的A股、B股于1993年6月在中国深圳证券交易所上市。",广东省深圳市南山区蛇口兴华路6号南海意库3号楼,1990-09-19,1993-06-07,港口,
A股,000025.XSHE,特力A,深圳市特力(集团)股份有限公司,特力集团,TELLUS,深圳市特力(集团)股份有限公司,"Shenzhen Tellus Holding Co.,Ltd",www.tellus.cn,"深圳市特力(集团)股份有限公司主营业务是汽车销售;汽车检测、维修及配件销售;物业租赁及服务业务。公司以创新驱动发展为指导原则,按照公司战略规划积极推进公司战略转型工作,在保证现有主营业务健康发展的基础上,快速推进新商业模式落地实施见效,通过整体资源优化配置,确保战略转型顺利实施。",广东省深圳市罗湖区水贝二路特力大厦3、4楼,1986-11-10,1993-06-21,汽车服务,
A股,000026.XSHE,飞亚达,飞亚达精密科技股份有限公司,飞亚达公司,FIYTA,飞亚达精密科技股份有限公司,"FIYTA Precision Technology Co., Ltd.",www.fiytagroup.com,"飞亚达(集团)股份有限公司创立于1987年,是中国钟表行业的旗舰企业,中国境内表业上市公司,系中航工业集团下属中航国际深圳公司的主要投资企业之一。名表零售业务方面,旗下的“亨吉利世界名表中心”是国内统一商号名表连锁网络,已发展为高端钟表零售业务的领军品牌之一。通过十几年的经营积累,不仅拥有覆盖全国的零售网络、超过10万的VIP客户资源,也与众多知名国际钟表品牌建立了紧密合作关系,更基于“K=BSC2”、三层营销理论创建了独特的高端商业品牌运营体系,铸就了自身的核心竞争力。自有产品品牌方面,已形成飞亚达表、高端品牌、时尚品牌为主的“三色堇”产品品牌构架,基本完成了在研发、设计、关键零部件生产制造、分销、零售等重要价值环节的全产业链布局。公司长期致力于精密计时腕表技术研发与应用,拥有先进的研发生产技术和制造工艺平台。其中,飞亚达表自2003年来,一直为中国航天员提供优质精良的计时装备,并于2011年正式进入巴塞尔国际钟表展的一号馆,与众多国际顶级钟表品牌毗邻,成为进入该馆的首个中国品牌。",广东省深圳市南山区高新南一道飞亚达科技大厦20楼,1990-03-30,1993-06-03,其他家用轻工,
A股,000027.XSHE,深圳能源,深圳能源集团股份有限公司,深圳能源,Shenzhen Energy,深圳能源集团股份有限公司,"Shenzhen Energy Group Co., Ltd.",www.sec.com.cn,"深圳能源集团股份有限公司前身系深圳市能源集团有限公司（成立于1991年6月，简称：深能集团）。深能集团作为发起人募集设立深圳能源投资股份有限公司，公司股票于1993年9月在深圳证券交易所上市，简称：深圳能源，股票代码：000027,是全国电力行业第一家在深圳上市的大型股份制企业，也是深圳市第一家上市的公用事业股份公司。2007年12月20日，深圳能源投资股份有限公司通过非公开发行股票收购深能集团的股权和资产，实现了深能集团的整体上市，开创了国内电力公司整体上市的先河，公司的资产规模、竞争实力得到大幅提升。2008年4月7日，深圳能源投资股份有限公司更名为深圳能源集团股份有限公司。深圳能源现有总股本为3,964,491,597股，其中深圳市人民政府国有资产监督管理委员会持有1,896,000,775股，占总股本的47.82％，华能国际电力股份有限公司持有991,741,659股，占总股本的25.02％，其他股东持有1,076,749,163股，占总股本的27.16％。深圳能源自成立以来，紧紧把握时代脉搏，科学选定战略方向，优化治理、控制风险，保持有效增长、创造国际领先，全力打造“责任能源、实力能源、环保能源、和谐能源”。截至2018年9月，深圳能源（含受托管理的深能集团资产）总资产836亿元，净资产266亿元，控股装机容量1219万千瓦，产业布局拓展至国内22个省市及非洲加纳等海外地区，主要电厂有深圳妈湾电厂（194万千瓦）、广东河源电厂（120万千瓦）、深圳东部电厂（117万千瓦）、东莞广深沙角B电厂（70万千瓦）、深能保定电厂（70万千瓦）、深能库尔勒电厂（70万千瓦）、珠海洪湾电厂（36万千瓦）、东莞樟洋电厂（36万千瓦）、惠州丰达电厂（36万千瓦）、加纳燃机电厂（56万千瓦）。集团积极拓展新能源产业，2010年首个风电项目并网，2012年实现太阳能发电零突破，2014年实现水电零突破，目前已投产97万千瓦太阳能发电项目、88万千瓦风电项目、82万千瓦水电项目，集团清洁能源占总容量的比例进一步提高至57%。在大力拓展电力主业的同时，深圳能源坚持最高环保标准，以垃圾处理产业为依托，积极发展能源环保产业，目前已建成投产深圳、武汉、福建龙岩、广东潮安、山东单县等8座垃圾焚烧发电厂，垃圾日处理能力达9050吨，排放指标均达到欧盟标准，处于世界先进水平，创造了深圳标准。其中宝安垃圾发电厂日处理能力4200吨，是目前国内最大、排放标准最高的垃圾焚烧发电厂，集团在建筹建垃圾焚烧项目12个，全部建成后垃圾日处理能力将达30750吨。深圳能源现辖34家成员企业，形成了以能源电力、能源环保、能源燃气为核心业务，能源资本、能源置地为支撑业务的“三轮两翼”产业体系，从区域性电力企业逐步向全国性乃至国际化的综合能源服务企业转型，主要经营指标连续多年位居全国同行业前列，在产业市场和资本市场上树立起“诚信、绩优、规范、环保”的良好形象。",广东省深圳市福田区福田街道金田路2026号能源大厦北塔楼9层、29-31层、34-41层,1993-08-21,1993-09-03,火电,
A股,000028.XSHE,国药一致,国药集团一致药业股份有限公司,国药一致,SINOPHARM ACCORD,国药集团一致药业股份有限公司,China National Accord Medicines Corporation Ltd.,www.szaccord.com.cn,"国药集团一致药业股份有限公司是中国医药集团、国药控股旗下的综合性医药上市公司。2016年在集团战略驱动下,国药一致战略定位为中国医药集团属下的全国医药零售整合平台,完成了与国大药房的整合重组,实现了“全国零售+两广分销+工业投资”的战略转型与升级。
国药一致分销立足打造“中国南区领先的药品分销及供应链服务提供商”,依托深度覆盖南区的分销及配送网络,为国内外药品、医疗器械、耗材及其他医疗保健产品的制造商和供应商,及下游的医院、其他分销商、零售药店、基层医疗机构等客户提供全面的分销、物流和其他增值服务。同时,转型升级为行业领先的医药供应链解决方案提供商,在医药、医疗等健康相关产业中融合供应链及互联网实现创新,探索多元化业务协同发展。目前,已在广东广西主要城市以直营方式管理专业处方连锁药店网络,向终端消费者销售新药特药、慢病用药及大健康产品。
近年来,国大药房顺应社会发展,不断提升专业化水平,开展糖尿病、高血压等慢病管理服务;主动对接“互联网+”浪潮,启动健康服务APP与在线健康社区建设;坚持开展服务创新,布局涵盖中药、西药、中医、西医、康复理疗与各类医疗相关资源的零售诊疗创新门店,全力打造消费者放心的中国医药健康零售品牌。五年来稳居中国医药零售行业首位。",广东省深圳市福田区八卦四路15号一致药业大厦,1986-08-02,1993-08-09,软饮料,
A股,000029.XSHE,深深房A,深圳经济特区房地产(集团)股份有限公司,深房集团,SPG,深圳经济特区房地产(集团)股份有限公司,"Shenzhen Special Economic Zone Real Estate&Properties (Group).Co.,Ltd.",www.sfjt.com.cn,"深圳经济特区房地产(集团)股份有限公司成立于1980年1月8日,前身为“深圳经济特区房地产公司”。1992年2月经深圳市政府批次准更名为“深圳经济特区房地产总公司”,成为深圳市政府直属的一级企业。同年8月,公司进行了股份制改造。1993年7月,经深圳市人民政府批准,正式成立“深圳经济特区房地产(集团)股份有限公司”,9月15日深深房A在深圳证券交易所挂牌交易;1994年1月10日深深房B在深圳证券交易所挂牌交易。
作为深圳经济特区最早成立的房地产开发公司。公司已发展成为一家以房地产开发与经营为主业,集物业管理与经营、建筑工程设计、施工与管理、旅游开发与经营多元化经营于一体的企业集团。",广东省深圳市人民南路深房广场47楼,1986-07-19,1993-09-15,房地产开发,
A股,000030.XSHE,富奥股份,富奥汽车零部件股份有限公司,富奥股份,FAWER,富奥汽车零部件股份有限公司,FAWER Automotive Parts Limited Company,www.fawer.com.cn,"富奥汽车零部件股份有限公司是中国知名的汽车零部件制造业集团企业,主营汽车零部件的研发、设计、制造及销售。主要产品包括底盘系统、环境系统、制动和传动系统、转向及安全系统、电子电器系统、发动机附件系统等六大系列,产品品种覆盖重、中、轻、微型商用车和高、中、低档乘用车等系列车型;公司产品为众多国内整车/整机企业配套,部分产品远销海外。",吉林省长春市高新区学海街701号,1988-10-06,1993-09-29,汽车零部件,
A股,000031.XSHE,大悦城,大悦城控股集团股份有限公司,大悦城控股,GRANDJOY,大悦城控股集团股份有限公司,"GRANDJOY HOLDINGS GROUP CO.,LTD.",www.grandjoy.com,中粮地产（集团）股份有限公司（000031）是一家全国性、综合性的房地产开发上市企业，总部位于深圳市。控股股东中粮集团有限公司连续多年位列世界500强企业之列，是国务院核定的16家以房地产为主业的央企之一。中粮地产从事的主要业务包括：房地产开发、经营、销售、出租及管理住宅、商用物业，经营业态以住宅为主，公司立足环北京、环上海、环深圳三大核心城市群，重点关注以长江中游城市群、成渝城市群、一带一路沿线为主的中心城市及高潜力城市，主要产品为壹号系列、祥云系列、锦云系列、鸿云系列等住宅产品。,广东省深圳市福田区福华一路1号大中华国际交易广场35层；北京市朝阳区朝阳门南大街8号中粮福临门大厦13层,1993-10-08,1993-10-08,房地产开发,
A股,000032.XSHE,深桑达A,深圳市桑达实业股份有限公司,深桑达,SED,深圳市桑达实业股份有限公司,"Shenzhen Sed Industry Co.,Ltd.",www.sedind.com,深圳市桑达实业股份有限公司成立于1993年9月，同年10月在深圳证券交易所主板挂牌上市（简称：深桑达A，代码：000032），是中国最大的国有综合性电子信息企业集团——中国电子信息产业集团有限公司（CEC）旗下中国中电国际信息服务有限公司投资控股的股份制企业。公司业务涵盖以智慧交通、智慧照明、新能源、智慧商业等为主的智慧产业，以铁路GSM-R通信产品为主的轨道交通通信信号产业，以精密运输和产业物流为主的现代物流业和以自有工业园区改造升级为主的城市更新业务。成员企业桑达无线公司是全球主要、中国知名的铁路GSM-R移动通信终端供应商，连续多年稳居国内GSM-R终端市场份额领先地位，是欧洲GSM-R终端市场主要供货商。桑达设备公司在智慧城市领域中的智慧交通、智慧安防等多个子系统积累了丰富的建设经验，在国内具有较高的市场占有率和较强的品牌号召力。桑达国际电源公司拥有20余年专业电源研发制造经验，在直流集中供电系统、智能微电网系统等领域具有相当优势。桑达商用公司是中国POS行业的先行者和领航者。中电桑飞公司是桑达携手飞利浦在智慧照明业务领域的合资企业，致力以EMC、PPP模式开拓国内智慧城市市场。捷达运输公司是国内领先的精密运输物流服务商，在液晶显示面板产业物流领域具有较高的声誉。作为中国电子“三大系统工程”之信息服务板块的重要平台公司，公司将秉承“活力第一、创新至上、集体奋斗、守住底线”的核心价值观，充分发挥中央企业优势，专注于政府及行业市场，以信息服务业为主轴，以智慧产业、轨道交通通信信号产业、产业物流为抓手进行产业布局，坚持科技创新，坚持资本运作，加快改革步伐，打造核心竞争力，努力成为业绩优良、成长性高、公众形象好的知名高科技上市公司。,广东省深圳市南山区科技园科技路1号桑达科技大厦15-17层,1993-12-04,1993-10-28,终端设备,
A股,000033.XSHE,新都退,深圳新都酒店股份有限公司,新都退,CENTURY PLAZA HOTEL,深圳鹍鹏控股股份有限公司,"Shenzhen Century Plaza Hotel Co.,Ltd.",www.szcphotel.com,公司为是深圳酒店业唯一的上市公司，主要从事经营酒店、商场、餐厅以及酒店附设的车队、康乐设施、自有物业的出租与管理。公司酒店位于深圳火车站、罗湖口岸、地铁总站和罗湖汽车客运站及罗湖商业城附近，交通便利；同时地处罗湖区人民南商业圈，周围是繁华的金融和商业区，便于商业活动、旅游购物、休闲娱乐。酒店经过更新改造后，居住环境大大提升；酒店、餐饮不断提升管理水平和服务质量，已得到客人认可，增加了酒店客源。2015年第四季度，公司新成立的子公司新都实业开始运营，主要从事互联网业务及酒水销售、广告代理、游戏开发等业务。新都实业自成立伊始即在互联网业务、酒水销售等多个领域取得业务突破，拥有了一定的存量客户资源优势；新都实业注重人才队伍建设，在上述领域建立了专业的人才团队，为业务开展提供了有力保障。未来新都实业将在持续为现有存量客户提供优质服务的基础上，积极拓展新客户，并在合适时机介入新业务领域，力争实现盈利能力突破。,广东省深圳市春风路一号新都酒店28楼,1990-03-08,1994-01-03,酒店,
A股,000034.XSHE,神州数码,神州数码集团股份有限公司,神州数码,DIGITAL CHINA,神州数码集团股份有限公司,"Digital China Group Co.,Ltd.",www.digitalchina.com,神州数码集团股份有限公司（股票代码：000034.SZ，简称：神州数码），其名字源于Digital China，数字中国。深耕中国信息化20年，神州数码现已成为中国优秀的整合IT服务提供商，依托覆盖30000余家合作伙伴的生态网络，为百万家企业及上亿消费者提供数字化产品、方案及专业IT服务。在云+大数据时代，神州数码秉承初心，乘势而上，正在成为中国更优秀的云服务提供商和数字化转型赋能者。,北京市海淀区上地九街九号数码科技广场,1982-06-01,1994-05-09,饲料,
A股,000035.XSHE,中国天楹,中国天楹股份有限公司,中国天楹,CHINA TIANYING,中国天楹股份有限公司,China Tianying Inc.,www.ctyi.com.cn,中国天楹股份有限公司（股票代码：000035）是一家环保新能源上市公司，主要业务包括投资、建设、运营、维护环保基础设施项目和环保设备的研发、生产、销售；业务范围覆盖生活垃圾焚烧发电及蒸汽生产、污泥处理、餐厨垃圾处理、危险废弃物处理、建筑垃圾处理、污水处理、填埋气开发与利用、垃圾分类收运体系投资与运营等领域。公司坚守生活垃圾焚烧发电主营产业，围绕垃圾处理无害化、减量化、资源化，从末端处置向上游的分类、收运、中转和综合环卫方向拓展，延伸固废产业链，打造以生活垃圾处理为主线的城市环境服务综合运营商。目前公司投入运营的项目有：江苏如东、江苏启东、江苏海安、深圳平湖（二期）、福建连江、山东滨州、吉林辽源垃圾焚烧发电厂；正在建设和筹备建设的垃圾焚烧发电项目有：吉林延吉、黑龙江牡丹江、山东莒南、安徽太和、陕西蒲城和河南民权垃圾焚烧发电厂；正在实施的EPC项目有：江苏江都垃圾焚烧发电厂、泰国VKE垃圾焚烧发电工程项目交钥匙工程；正在建设的建筑垃圾处理项目有：江苏南通建筑垃圾处理厂；正在建设和筹备建设的填埋气发电项目有：重庆江津、重庆大足、湖南常宁、江苏高邮、江苏东海填埋气发电厂；正在筹建的餐厨垃圾处理项目有：江苏海安、山东滨州餐厨垃圾处理厂。公司项目荣获众多荣誉，特别是海安垃圾焚烧发电项目荣获了“2014-2015年度中国建设工程鲁班奖”，通过了江苏省“AAA”级城市生活垃圾处理设施无害化等级评定，为垃圾焚烧发电行业建设管理工作树立了标杆。公司在引进、消化、吸收国外先进技术的基础上，尤为注重提升自主创新水平，在垃圾焚烧发电领域拥有14项发明专利及239项实用新型专利，充分实现了该领域核心设备和关键设备的国产化，关键技术研究被国家科技部列入国家火炬计划项目。同时，公司致力于打造环保治理精品工程和以污水处理、烟气净化、垃圾压缩、垃圾焚烧设备为主导产品的国内领先环保装备制造基地。,江苏省南通市海安市黄海大道(西)268号,1984-12-31,1994-04-08,环保工程及服务,
A股,000036.XSHE,华联控股,华联控股股份有限公司,华联控股,UDC,华联控股股份有限公司,China Union Holdings Ltd.,www.udcgroup.com,华联发展集团是以房地产开发为主业、创业投资为辅业、资产逾百亿的股权多元化大型企业集团，是国家520户重点企业之一。获评“中国最大500家企业集团”、“深圳市百强企业”、“广东省最佳诚信企业”、“2017年中国房地产业综合实力100强”企业，以及“中国地产风尚大奖2017中国年度投资价值上市企业（华联控股）”等称号。经过三十四年的发展，集团目前拥有上市企业“华联控股”（000036）和三十多家全资、控股企业，产业主要分布在深圳、浙江和上海三地。　　集团先后在深圳、上海、杭州等地开发建设了华联大厦、华联城市山林花园、华联城市全景花园、上海新华世纪园、中国（杭州）星光大道、UDC时代大厦、UDC钱塘公馆和全景天地（万豪酒店）等多个大型房地产项目，致力于走具有华联特色的城市综合体开发运营之路。其中，华联大厦已成为深圳的标志性建筑；26万平方米的深圳“华联城市山林花园”被评为中国最美丽的100个楼盘之一；杭州“星光大道”综合体项目是经中共中央宣传部批准，中国电影家协会和杭州市人民政府共同命名的内地首条文化艺术星光大道，是杭州目前规模最大的综合性商业街之一，已经树立起良好的市场形象；杭州UDC钱塘公馆被评为“2015中国十大超级豪宅”之一；预计总投资百亿元的千岛湖华联进贤湾国际旅游度假区项目是集国际会议中心、国际康疗中心、健康养生谷、超五星商务酒店、精品度假酒店、生态休闲公园、山地体育公园、岛屿公园、三大风情小镇等于一体的特大型旅游综合体项目，2009年被列为浙江省重点建设项目，目前正在建设中。集团初步形成了具有一定知名度和规模的房地产和物业品牌。,广东省深圳市深南中路2008号华联大厦11层,1989-09-11,1994-06-17,石油加工,
A股,000037.XSHE,深南电A,深圳南山热电股份有限公司,深南电,Shen Nan Dian,深圳南山热电股份有限公司,"Shenzhen Nanshan Power Co.,Ltd",www.nsrd.com.cn,"深圳南山热电股份有限公司(以下简称“公司”或“深南电”)成立于1990年4月,是以生产经营供电、供热,从事发电厂(站)的建设工程总承包、提供技术咨询和技术服务为主营业务的中外合资股份制企业。1993年11月,经深圳市人民政府批准,公司正式改组为股份有限公司,并公开发行股票。1994年7月和11月,公司A、B股股票分别在深圳证券交易所上市。公司坚持燃机发电及上下游产业并举的发展战略,在不断提高管理水平、扩大发电生产规模的同时,通过参股、控股等形式,先后涉足燃机电站工程建设、油品贸易、燃机发电技术培训等相关领域,努力朝着多元化和跨区域的方向迈进。公司下属控股及参股公司包括深圳新电力实业有限公司、深圳深南电燃机工程技术有限公司、深南电(中山)电力有限公司、深南电(东莞)唯美电力有限公司、深圳协孚能源有限公司、深圳深南电环保有限公司、深南能源(新加坡)有限公司、中电投江西核电有限公司等8家境内外企业。目前,公司共拥有7套9E机组,其中:南山热电厂3套,深南电(中山)电力有限公司2套,深南电(东莞)唯美电力有限公司2套,装机容量总计约127万千瓦。截止目前,公司已累计向广东省、深圳市供电约500亿千瓦时,为促进省市经济发展、缓解电力紧缺状况、确保电网安全稳定运行发挥了积极作用,尤其是位于前海深港现代服务业合作区的南山热电厂,为保障深圳电力安全供应做出了应有的贡献。“十一五”期间,公司结合国家能源产业规划,先后投资实施了移动供热、污泥干化、冷热电联供等循环经济项目,积极探索能源综合利用,努力提升一次能源利用效率,发挥了良好的示范作用,并取得了一定的社会和经济效益。2007年,国家发改委、环保总局、科技部、财政部、商务部及统计局联合将公司列入国家第二批循环经济试点单位,系全国电力行业中仅有的两家试点单位之一。2012年,公司凭借近年来发展循环经济方面取得的显著成果,被国家发改委授予“全国循环经济工作先进单位”,系广东省仅有的四家先进单位之一。","广东省深圳市南山区华侨城汉唐大厦16,17楼",1990-04-06,1994-07-01,燃机发电,
A股,000038.XSHE,深大通,深圳大通实业股份有限公司,深大通,CIC,深圳大通实业股份有限公司,"Shenzhen Capstone Industrial Co.,Ltd.",www.chinadatong.com,深圳大通实业股份有限公司于1987年6月24日正式设立，于1994年8月8日在深圳证券交易所上市，股票代码000038。深大通积极响应国务院发展互联网产业的政策，致力于发展成集新媒体传播、金融服务、大数据服务、数字娱乐、物联网等为一体的“科技”+“文化”产业集团，构建“内容”+“平台”+“服务”的企业生态系统。　　深大通积极探索促进网络新媒体产业发展与学术研究相结合。2015年12月深大通与中国人民大学新闻学院正式签署《协议书》，共建中国人民大学明德大通新媒体研究院。明德大通新媒体研究院定位为产学研合作平台，对传媒行业共享经济进行研究，对媒介融合、互联网广告与公关、大数据与营销传播等领域开展术业互通的研究，服务教研工作，支持产业发展，打造高端智库。　　深大通拥有成熟的技术服务团队，技术人员覆盖了前期的需求沟通、用户界面设计，中期HTML5技术以及后期的广告效果跟踪。深大通可以全方位满足客户品牌传播和产品推广的需求，配合客户整体宣传策略，深入了解客户、了解市场、了解消费者，结合渠道资源、技术，帮助客户寻找广告信息传播的目标受众群，以适当的媒介及广告位置组合、恰当的互动形式为客户量身定制整合营销宣传策略。依托碎片化的沟通和互动，实现广告投放精准性、高效性品牌传播，让客户的营销更有价值。　　深大通将持续关注行业内优质资源，加大在互联网广告、户外广告等新媒体传媒领域的投入，未来公司将通过并购的方式，加大在传媒、数字娱乐、数字内容、大数据服务、金融服务等产业的布局，实现公司整体转型及跨越式发展。,广东省深圳市南山区科苑中路15号科兴科学园B2栋302室,1987-06-24,1994-08-08,元件,
A股,000039.XSHE,中集集团,中国国际海运集装箱(集团)股份有限公司,中集集团,CIMC,中国国际海运集装箱(集团)股份有限公司,"China International Marine Containers (Group) Co., Ltd.",www.cimc.com,中国国际海运集装箱（集团）股份有限公司（简称：中集集团），是世界领先的物流装备和能源装备供应商，总部位于中国深圳。公司致力于在如下主要业务领域：集装箱、道路运输车辆、能源化工及食品装备、海洋工程、物流服务、空港设备等，提供高品质与可信赖的装备和服务。支持这些业务蓬勃发展的有：提供专业资金管理的财务公司，以及提供金融解决方案的融资租赁公司。作为一家为全球市场服务的多元化跨国产业集团，中集在亚洲、北美、欧洲、澳洲等地区拥有300余家成员企业及3家上市公司，客户和销售网络分布在全球100多个国家和地区。2017年，5万优秀的中集员工，创造了约763亿元的销售业绩，净利润约25亿元。         中集集团于1980年1月创立于深圳，由招商局与丹麦宝隆洋行合资成立，初期由宝隆洋行派员管理。1994年公司在深圳证券交易所上市，2012年12月在香港联交所上市，目前是A+H股公众上市公司，主要股东为招商局集团、中国远洋海运集团和弘毅投资等。诞生时即深深植入的国际化基因，出类拔萃的公司治理结构，长期以来对于技术创新和管理效率的不懈追求，使得中集快速成长为在全球多个行业具有领先地位的企业。,广东省深圳市南山区蛇口港湾大道2号中集研发中心8楼,1980-01-14,1994-04-08,金属制品,
A股,000040.XSHE,东旭蓝天,东旭蓝天新能源股份有限公司,东旭蓝天,DXLT,东旭蓝天新能源股份有限公司,"TUNGHSU AZURE RENEWABLE ENERGY CO.,LTD.",www.dongxulantian.com,公司是深圳最早上市公司之一，2009年6月，公司引进中国宝安集团控股有限公司，成为公司第一大股东，通过一系列调整，公司主营业务转型为专业房地产上市公司。公司已开发的“江南系列”、“汉唐系列”、“现代宜居系列”等住宅产品，在业界享有较高的知名度和美誉度，其中“鸿翠苑”项目获得深圳市优质工程“金牛奖”，公司以“匠心筑造生活”的理念和强大的品牌影响力，赢得客户的追捧和好评。面对未来公司的发展，公司管理层制定了中长期发展规划，大力开发新项目，积极储备土地资源，力争在不远的将来公司部分重要经营指标进入国内房地产上市公司前列。2016年，公司在原有主营业务基础上，增加光伏电站的投资、建设和运营，由单一经营房地产业务向房地产与光伏发电双主业共同发展的业务结构正式转型。,广东省深圳市罗湖区东门中路1011号鸿基大厦25-27楼,1982-03-23,1994-08-08,新能源发电,
A股,000042.XSHE,中洲控股,深圳市中洲投资控股股份有限公司,中洲控股,CENTRALCON HOLDING,深圳市中洲投资控股股份有限公司,"Shenzhen Centralcon Investment Holding Co., Ltd",www.zztzkg.com,深圳市中洲投资控股股份有限公司创立于1984年，于1994年在深交所主板上市（A股代码000042），是国家房地产开发一级资质企业，其控股股东中洲集团是跨区域、跨行业、多元化发展的综合性集团企业。2016年被评为上市房企发展速度5强及地产上市公司综合实力50强， 2018年荣膺中国房地产百强企业和城市运营商品牌TOP20。中洲作为城市综合运营商，以城市开发、城市建设、城市更新为主营业务，业务涵盖酒店经营、商业管理、产业运营、物业管理、金融投资等多个领域。,广东省深圳市福田区金田路3088号中洲大厦38楼,1984-09-17,1994-09-21,房地产开发,
A股,000043.XSHE,招商积余,招商局积余产业运营服务股份有限公司,招商积余,CMPO,招商局积余产业运营服务股份有限公司,"China Merchants Property Operation & Service Co., Ltd.",www.cmpo1914.com,公司是一家集地产开发、物业经营与管理、酒店经营与管理为一体的综合性集团公司，连续多年进入深圳百强企业榜。公司以“打造特色鲜明、值得社会信赖的商业地产投资、发展和运营商”为愿景，凭借上市公司的有利平台，整合资源、扩大规模、突出主业，着力打造城市综合体，发展“中航城”核心产品品牌，形成以深圳为基地并辐射珠三角的业务核心，同时强势挺进中国西南、西北、中南、长三角和环渤海区域，进而形成全国战略发展布局。,广东省深圳市福田区振华路163号飞亚达大厦六楼,1985-05-29,1994-09-28,房地产开发,
A股,000043.XSHE2,中航善达,中航善达股份有限公司,招商积余,CMPO,招商局积余产业运营服务股份有限公司,"China Merchants Property Operation & Service Co., Ltd.",www.cmpo1914.com,公司是一家集地产开发、物业经营与管理、酒店经营与管理为一体的综合性集团公司，连续多年进入深圳百强企业榜。公司以“打造特色鲜明、值得社会信赖的商业地产投资、发展和运营商”为愿景，凭借上市公司的有利平台，整合资源、扩大规模、突出主业，着力打造城市综合体，发展“中航城”核心产品品牌，形成以深圳为基地并辐射珠三角的业务核心，同时强势挺进中国西南、西北、中南、长三角和环渤海区域，进而形成全国战略发展布局。,广东省深圳市福田区振华路163号飞亚达大厦六楼,1985-05-29,1994-09-28,房地产开发,
A股,000045.XSHE,深纺织A,深圳市纺织(集团)股份有限公司,深纺织,STHC,深圳市纺织(集团)股份有限公司,"Shenzhen Textile (Holdings) Co.,Ltd.",www.chinasthc.com,"深圳市纺织(集团)股份有限公司的前身为深圳市纺织工业公司,成立于1984年。公司于1994年改制上市,公司股票“深纺织A”、“深纺织B”于1994年8月在深圳证券交易所上市。截至2016年底,公司注册资本为50,652.18万元,资产总额为411,958.6万元,所属全资及控股企业5家,参股企业11家,总股本为50,652.18万股。

近年来,随着市场和政策环境的变化,深纺集团立足企业实际,主动进行产业结构调整,积极推进产业转型升级,集中精力发展LCD用偏光片这一具有自主知识产权、市场前景广阔的高新技术产业,从传统的纺织服装加工业成功转型进入平板显示产业领域,被评为“深圳市国有企业产业转型升级的典范企业”、“广东省优势产业转型升级的企业”及“国家高新技术企业”。

公司TFT-LCD用偏光片项目连续八年被评为“深圳市重大项目”,并被列为广东省现代产业500强项目、广东省重点建设项目,承担了“国家战略性新兴产业”等多个项目。展望未来,深纺集团将进一步解放思想,开拓创新,真抓实干,做大做强偏光片产业,继续立国内市场前者,并步入全球主流偏光片制造商的行列,为深圳市完善并形成在全国乃至全球具有特色和影响力的平板显示产业链做出应有的贡献。",深圳市福田区华强北路3号深纺大厦六楼,1982-04-30,1994-08-15,显示器件,
A股,000046.XSHE,泛海控股,泛海控股股份有限公司,泛海控股,OCEANWIDE HOLDINGS,泛海控股股份有限公司,"Oceanwide Holdings Co., Ltd.",www.fhkg.com,"泛海控股股份有限公司成立于1989年，于1994年在深圳证券交易所挂牌上市，股票代码000046，总股本为5,196,200,656股。截至2017年末，泛海控股经审计的总资产为人民币1877.75亿元，净资产为人民币200.69亿元。面对中国经济结构转型的历史性机遇，泛海控股敏锐感知宏观经济和行业市场的变化，重新规划了产业发展方向，在继续发挥房地产业务优势的基础上，融合具有较大发展潜力的金融、战略投资等业务板块，将公司打造成涵盖金融、房地产、战略投资等业务的综合性控股上市公司。在金融业务领域，泛海控股围绕构筑完整的金融服务体系，业务已涵盖证券、信托、保险、期货、基金、资产管理、互联网金融等领域，形成了以民生证券、民生信托、亚太财险为核心的金融布局和业态分布。在地产业务领域，泛海控股涉及规划设计、开发建设、商业管理及物业服务等，具备大体量、多业态综合开发能力，项目布局已从北京、上海、武汉等国内一、二线城市延伸至美国洛杉矶、旧金山、纽约等海外市场。在战略投资领域，泛海控股已形成境内以“泛海投资”、境外以“中泛集团”、“中泛控股”为核心的战略布局，以期与公司现有业务形成互补和平衡。",北京市东城区建国门内大街28号民生金融中心C座22层,1989-05-09,1994-09-12,房地产开发,
A股,000047.XSHE,ST中侨,深圳市中侨发展股份有限公司,中侨发展,nan,深圳市中侨发展股份有限公司,nan,nan,"公司系于1994年4月13日经深圳市人民政府深府函[1994]16号文批准，由原深圳中侨发展有限公司改组而设立的股份有限公司，截至2004年12月31日止公司股本为120,404,582.00元。公司工商登记的经营范围为：制造、加工机械设备、电子产品、新型材料、纺织品、服装、建筑材料；国内商业、物资供销业(不含专营、专控、专卖商品)；开发激光技术、生物工程技术；经济信息咨询等。本会计年度，公司处于停业状态。2003年5月28日公司收到深圳市证券交易所《关于深圳市中侨发展股份有限公司股票终止上市的决定》，公司股票自2003年5月30日起被终止上市。",广东省深圳市南山区华侨城东部工业区东北A区3栋首层,1988-09-23,1994-10-21,房地产开发,
A股,000048.XSHE,京基智农,深圳市京基智农时代股份有限公司,京基智农,KINGKEY SMART AGRI,深圳市京基智农时代股份有限公司,"SHENZHEN KINGKEY SMART AGRICULTURE TIMES CO.,LTD",www.kondarl.com,"深圳市康达尔（集团）股份有限公司（以下简称“康达尔”或“康达尔集团”）创立于1979年，前身为深圳市养鸡公司。康达尔发展至今已形成集低碳都市农业、公用事业、房地产、金融投资等多种产业于一体的多元化集团公司，业务内容包括：种猪、肉猪养殖与销售，种鸡、肉鸡养殖与销售，中高端品牌猪肉与鸡蛋等生鲜农产品销售，饲料生产与销售，交通运输，自来水供应，房地产开发，物业管理、金融投资等。1994年11月公司股票在深圳证券交易所挂牌上市（股票代码：000048），注册资本为39,077万元，是中国第一个农牧上市企业。截止2012年底，公司资产规模达119,003万元。1979年深圳特区刚刚创建，为满足深圳人的菜篮子和毗邻的香港市场对活鸡的需求，经深圳市政府批准，康达尔的前身——深圳市养鸡公司成立。此后康达尔养鸡业高速发展，至1984年底，康达尔成为深圳市四家具有活鸡输港权的单位之一，康达尔黄鸡一度占有香港活鸡市场三分之一强。1995年康达尔以全国最大的家禽饲养企业获得“中华之最”的至高荣誉。随着康达尔品牌的建立，过硬的产品质量，市场的认同，1995年深圳市政府批准立项和兴建康达尔养猪业务。康达尔养猪业以技术为依托，以种猪繁殖为中心，大力培育新品种，实现农业的科技化，在农业部种猪质量检测中心测定评比中多次获得一、二名的好成绩，康达尔养猪场连年被评为健康与合格猪尝原种猪场合格单位、重点生猪养殖尝先进养猪企业。",广东省深圳市罗湖区桂园街道老围社区蔡屋围京基一百大厦A座7101,1979-01-01,1994-11-01,饲料,
A股,000049.XSHE,德赛电池,深圳市德赛电池科技股份有限公司,德赛电池,DESAY BATTERY,深圳市德赛电池科技股份有限公司,"Shenzhen Desay Battery Technology Co., Ltd.",www.desaybattery.com,深圳市德赛电池科技股份有限公司，为深圳证券交易所主板上市公司，股票代码000049。公司为控股型企业，分别持有惠州市蓝微电子有限公司（以下简称“惠州蓝微”）和惠州市德赛电池有限公司（以下简称“惠州电池”）两家子公司75%股权。公司主要围绕锂电池产业链进行业务布局，其中惠州电池主营中小型锂电池封装集成业务，惠州蓝微主营中小型移动电源管理系统业务，二级子公司惠州市蓝微新源技术有限公司主营大型动力电池、储能电池等电源管理系统及封装集成业务。公司已经成为全球中小型移动电源领域的领导厂商之一，与全球主要电芯厂开展合作，服务于全球顶级消费电子厂商。作为国内锂电池制造领域的先行者，经过多年的发展，尤其是近年来，通过持续加大研发投入、打造高效制造平台、搭建品质控制预防体系、优化业务结构等举措，公司积累了雄厚的技术优势，品质保证及技术开发能力处于国际领先地位，拥有了优质的高端客户资源、先进的自动化水平和领先的制造水平，具有较强的综合竞争优势。在智能手机、电动工具等中小型移动电源管理系统暨封装领域处于全球领先地位。,广东省深圳市南山区高新科技园南区高新南一道德赛科技大厦东座26楼,1985-09-04,1995-03-20,其他化工新材料,
A股,000050.XSHE,深天马A,天马微电子股份有限公司,天马,TIANMA,天马微电子股份有限公司,"Tianma Microelectronics Co.,Ltd.",www.tianma.com,天马微电子股份有限公司成立于1983年，1995年在深圳证券交易所上市（证券简称：深天马A，证券代码：000050），是一家在全球范围内提供显示解决方案和快速服务支持的创新型科技企业。公司聚焦以智能手机、平板电脑、高阶笔电为代表的消费品市场和以车载、医疗、POS、HMI等为代表的专业显示市场，并积极布局智能家居、智能穿戴、AR/VR、无人机等新兴市场，为客户提供最佳的产品体验。2017年，公司中小尺寸模组出货量继续保持全球领先，并在高端医疗、航空娱乐、航海、VOIP等领域市场份额保持领先地位①，多款产品支持客户实现全球首发。公司致力于不断创新，更好地服务客户与应用领域的差异化需求。,广东省深圳市南山区马家龙工业城64栋7层,1983-11-08,1995-03-15,元件,
A股,000055.XSHE,方大集团,方大集团股份有限公司,方大集团,CFGC,方大集团股份有限公司,"China Fangda Group Co.,Ltd.",www.fangda.com,"方大集团股份有限公司(A股代码:000055;B股代码:200055)1991年12月28日创立于改革开放的前沿——深圳蛇口,公司股票1995年11月29日在深圳证券交易所上市。方大集团业务范围涵盖高端幕墙系统及材料、轨道交通设备及系统、太阳能光伏发电、房地产和金融等板块,旗下现有5家国家高新技术企业,在深圳、上海、成都、南昌、东莞、佛山等地建有大型现代化生产基地,在欧洲、中东、澳洲、非洲等地设立了分支机构,是集研发、生产、销售及服务为一体的大型综合性的高科技集团公司。方大集团秉承“科技为本,创新为源”的经营理念,坚持自主创新,以“方大工匠”精神发展“节能、环保、低碳”产业。方大集团先后承担了5项国家863计划、国家重大攻关计划、国家火炬计划等国家级重大科技项目,获得省部级以上科技成果14项,2项产品被列为国家级重点新产品;主持或参编国家和行业标准32项;取得专利769项(其中国际PCT专利4项),拥有软件著作权8项,专利总数居国内同行业前列。",广东省深圳市高新技术产业园南区科技南十二路方大科技大厦20楼,1994-04-20,1996-04-15,金属制品,
A股,000056.XSHE,皇庭国际,深圳市皇庭国际企业股份有限公司,皇庭国际,WTGJ,深圳市皇庭国际企业股份有限公司,"Shenzhen Wongtee International Enterprise Co., Ltd.",www.wongtee000056.com,"深圳市皇庭国际企业股份有限公司是一家集不动产运营管理、金融服务、内容服务为一体的集团化上市公司,市值规模过百亿。公司创建于1983年,由经营零售商业起步。1993年改组为股份公司,成为深圳本地唯一一家零售商业类A+B股上市公司,随后公司进入地产开发经营领域,先后开发出国企大厦、港逸豪庭等系列优质楼盘,2013年公司首个商业地产开发并运营的大型高端购物中心项目,皇庭广场正式开业。2015年起,公司深化战略转型,制定了“以轻资产模式为导向,构建以提供商业不动产运营为基础的运营服务平台、以提供资产管理为核心的金融服务平台、以提供儿童与青少年主题为特色的内容服务平台的三大业务平台”的战略,致力于将公司打造成为“中国领先的不动产综合解决方案提供商,不动产综合服务领域的领导品牌”。",广东省深圳市福田区福华路350号岗厦皇庭大厦（皇庭中心）28楼,1985-01-19,1996-07-08,房地产开发,
A股,000660.XSHE,*ST南华,广州汇集实业股份有限公司,大通5,nan,广州大通资源开发股份有限公司,"GUANGZHOU DATONG ROSOURSE DEVELOPMENT CO.,LTD",nan,"公司是经广州市经济体制改革委员会穗改股字[1996]17号文批准，由广州市南华西企业集团有限公司将其全资附属的广州特种变压器厂、广州市京广深空调设备制造工程公司、广州市南华工商贸易公司整体改组,联合广东华侨信托投资公司投资基金部、北京贝特实业公司、登润实业有限公司(香港)、粤华有限公司(香港)等五家单位共同发起设立。1996年经中国证券监督委员会批准向社会公开发行股票，并于1996年12月9日在深圳证券交易所正式挂牌上市交易，股票代码为000660。根据深圳证券交易所(深证上[2004]91号)《关于广州南华西实业股份有限公司股票终止上市的决定》，公司股票于2004年9月13日在深圳证券交易所终止上市。2004年6月21日，公司与国信证券股份有限公司签订《推荐恢复上市、委托代办股份转让协议》，国信证券股份有限公司为公司提供代办股份转让服务，并在公司终止上市后的第45个工作日，股份开始代办转让。",天津市和平区滨江道1号33层A区,1996-12-04,1996-12-09,制冷空调设备,